nom_leg,nombres
Aarón Urbina Bedolla,aarón urbina bedolla
Abel Murrieta Gutiérrez,abel murrieta gutiérrez
Abel Neftalí Domínguez Azuz,abel neftalí domínguez azuz
Abel Valle Castillo,abel valle castillo
Abelina López Rodríguez,abelina lópez rodríguez
Abraham Montijo Cervantes,abraham montijo cervantes
Abril Yannette Trujillo Vázquez,abril yannette trujillo vázquez
Acosta León Rafael,acosta león rafael
Adacelia Gonzalez Duran,adacelia gonzalez duran
Adda Luz Ferrer González,adda luz ferrer gonzález
Adolfo Alberto Zamarripa Sandoval,adolfo alberto zamarripa sandoval
Adolfo García Morales,adolfo garcía morales
Adolfo Rojo Montoya,adolfo rojo montoya
Adolfo Sebastian Magaña Vadillo,adolfo sebastian magaña vadillo
Adolfo Suárez Ramírez,adolfo suárez ramírez
Adolfo Toledo Infanzon,adolfo toledo infanzon
Adrián Camacho Trejo Luna,adrián camacho trejo luna
Adrián Hernández Balboa,adrián hernández balboa
Adrian Michel Espino,adrian michel espino
Adrian Rubalcava Suárez,adrian rubalcava suárez
Adrián Víctor Hugo Islas Hernández,adrián víctor hugo islas hernández
Adrián Xochitemo Pedraza,adrián xochitemo pedraza
Adriana Atristain Orozco,adriana atristain orozco
Adriana de Jesús Avilez Avilez,adriana de jesús avilez avilez
ADRIANA DE JESÚS VILLA HUIZAR,adriana de jesús villa huizar
Adriana de Lourdes Hinojosa Céspedes ,adriana de lourdes hinojosa céspedes 
Adriana Fuentes Téllez,adriana fuentes téllez
Adriana Gabriela Medina Ortiz,adriana gabriela medina ortiz
Adriana Lucia Mesina Tena,adriana lucia mesina tena
Águeda Torres Varela,águeda torres varela
Aguilera Landeta Marcela,aguilera landeta marcela
Agustin Bernardo Bonilla Saucedo,agustin bernardo bonilla saucedo
Agustín Nava Huerta,agustín nava huerta
Agustín Torres Pérez,agustín torres pérez
Ahued Bardahull Ricardo,ahued bardahull ricardo
Aitzury Fernanda Sandoval Vega,aitzury fernanda sandoval vega
Alberli Ramos Hidalgo,alberli ramos hidalgo
Alberto Amaro Corona,alberto amaro corona
Alberto Díaz Trujillo,alberto díaz trujillo
Alberto Emiliano Cinta Martínez,alberto emiliano cinta martínez
Alberto Hernández Meneses,alberto hernández meneses
Alberto Martínez Urincho,alberto martínez urincho
Albino Mendieta Lira,albino mendieta lira
Aleida Alavez Ruiz,aleida alavez ruiz
Alejandra Cruz Toledo Zebadúa,alejandra cruz toledo zebadúa
ALEJANDRA SORIANO RUIZ,alejandra soriano ruiz
Alejandrina Moreno Barona,alejandrina moreno barona
Alejandro Agundis Arias,alejandro agundis arias
Alejandro Aparicio Santiago,alejandro aparicio santiago
Alejandro Arcos Catalán,alejandro arcos catalán
Alejandro Aviles Álvarez,alejandro aviles álvarez
Alejandro Carabias Icaza,alejandro carabias icaza
Alejandro Castro Hernández,alejandro castro hernández
Alejandro Flores Razo,alejandro flores razo
Alejandro Gloria González,alejandro gloria gonzález
Alejandro Martínez Ramírez,alejandro martínez ramírez
Alejandro Mendoza Villalobos,alejandro mendoza villalobos
Alejandro Oaxaca Carreón,alejandro oaxaca carreón
Alejandro Olvera Entzana,alejandro olvera entzana
Alejandro Rafael Piña Medina,alejandro rafael piña medina
Alejandro Trejo Avila,alejandro trejo avila
Alfonso Guadalupe Ruiz Chico,alfonso guadalupe ruiz chico
Alfonso Guillermo Bravo Álvarez Malo,alfonso guillermo bravo álvarez malo
Alfredo Bejos Nicolás sustituido por Mario Alberto Cuatepotzo Durán,alfredo bejos nicolás sustituido por mario alberto cuatepotzo durán
Alfredo de la Rosa Martínez,alfredo de la rosa martínez
Alfredo Femat Bañuelos,alfredo femat bañuelos
ALFREDO SANTIZ JIMENEZ,alfredo santiz jimenez
Alfredo Torres Zambrano,alfredo torres zambrano
Alicia Elizabeth Zamora Villalva,alicia elizabeth zamora villalva
Alicia García Valenzuela,alicia garcía valenzuela
Alicia Guadalupe Gamboa Martínez,alicia guadalupe gamboa martínez
ALMA MARINA VITELA RODRÍGUEZ,alma marina vitela rodríguez
ALMA ROSA SIMAN ESTEFAN,alma rosa siman estefan
Alonso Adrián Juárez Jiménez,alonso adrián juárez jiménez
Alonso Qué Erubiel Lorenzo,alonso qué erubiel lorenzo
Altagracia Hernández Reyes ,altagracia hernández reyes 
Amado Jesús Cruz Malpica,amado jesús cruz malpica
Amador Campos Aburto,amador campos aburto
Amador Monroy Estrada,amador monroy estrada
Amalia Georgina Flores Cázares,amalia georgina flores cázares
América Victoria Aguilar Gil,américa victoria aguilar gil
Ana Bertha Díaz Gutiérrez,ana bertha díaz gutiérrez
Ana Cecilia Moreno Romero,ana cecilia moreno romero
ANA DEL CARMEN VALDIVIEZO HIDALGO,ana del carmen valdiviezo hidalgo
Ana Graciela Crisanty Villarino,ana graciela crisanty villarino
Ana Juana Angeles Valencia,ana juana angeles valencia
Ana Julia Hernández Pérez,ana julia hernández pérez
Ana Leticia Cuatepotzo Pérez,ana leticia cuatepotzo pérez
Ana Lilia Gómez Licón,ana lilia gómez licón
Ana Lilia Jiménez Rumbo,ana lilia jiménez rumbo
Ana Luisa Castellanos Hernández,ana luisa castellanos hernández
Ana María Balderas Trejo,ana maría balderas trejo
Ana María García  Sánchez,ana maría garcía  sánchez
Ana María Jiménez Ortiz,ana maría jiménez ortiz
Ana María López Hernández,ana maría lópez hernández
Ana María Luisa Valdés Avilés,ana maría luisa valdés avilés
Ana María Rodríguez Ruiz,ana maría rodríguez ruiz
Ana Paola Ávila Ávila,ana paola ávila ávila
Ana Yurixi Leyva Piñón ,ana yurixi leyva piñón 
Anavel Fernández Martínez,anavel fernández martínez
Anayeli Muñoz Moreno,anayeli muñoz moreno
Andrea del Carmen Martínez Aguilar,andrea del carmen martínez aguilar
Andrés Atayde Rubiolo,andrés atayde rubiolo
Andrés Sánchez Miranda,andrés sánchez miranda
Ángel Aguirre Herrera,ángel aguirre herrera
Ángel Armando López Contreras,ángel armando lópez contreras
Ángel Geovani Escobar Manjarrez,ángel geovani escobar manjarrez
Ángel Xochitiotzin Hernández,ángel xochitiotzin hernández
Angela del Carmen Cámara Damas,angela del carmen cámara damas
Angélica Casillas Martínez,angélica casillas martínez
Angélica María Payán García,angélica maría payán garcía
Ángelo Gutiérrez Hernández,ángelo gutiérrez hernández
Annel Flores Gutiérrez ,annel flores gutiérrez 
Antelmo Alvarado García,antelmo alvarado garcía
Antonia Natividad Díaz Jiménez,antonia natividad díaz jiménez
Antonio Andreu Rodríguez,antonio andreu rodríguez
Antonio Chávez Barraza,antonio chávez barraza
Antonio Gaspar Beltrán,antonio gaspar beltrán
Antonio López Orozco,antonio lópez orozco
Antonio Padierna Luna,antonio padierna luna
Antonio Xavier López Adame,antonio xavier lópez adame
Antonio Zapata Guerrero,antonio zapata guerrero
Anuar Roberto Azar Figueroa,anuar roberto azar figueroa
Apolinar Escobedo Idefonso,apolinar escobedo idefonso
Aquiles Cortés López,aquiles cortés lópez
Araceli Casasola Salazar,araceli casasola salazar
Araceli Medina Sanchez,araceli medina sanchez
Araceli Velázquez Ramírez,araceli velázquez ramírez
Arango Glbb Gabriela,arango glbb gabriela
Arcelia María Gonzalez Gonzalez,arcelia maría gonzalez gonzalez
Areli Hernandez Martínez,areli hernandez martínez
Argelia Salas del Hoyo,argelia salas del hoyo
Ariadna Montiel Reyes,ariadna montiel reyes
Arias García Rogers,arias garcía rogers
Ariel Vallejo Tinoco,ariel vallejo tinoco
Armando Corona Rivera,armando corona rivera
Armando Demetrio Bohórquez Reyes,armando demetrio bohórquez reyes
Armando Portuguez Fuentes ,armando portuguez fuentes 
Armando Ramos Flores,armando ramos flores
Armando Soto Espino,armando soto espino
Armando Tonatiuh González Case,armando tonatiuh gonzález case
Arnulfo Arévalo Lara,arnulfo arévalo lara
Arsenio Lorenzo Mejía García,arsenio lorenzo mejía garcía
Arturo Álvarez Angli,arturo álvarez angli
Arturo Bonilla Morales,arturo bonilla morales
Arturo Esquitín Ortíz,arturo esquitín ortíz
Arturo Fernández Estrada,arturo fernández estrada
Arturo García Arias,arturo garcía arias
Arturo Kampener Díaz,arturo kampener díaz
Arturo López de Lara Díaz,arturo lópez de lara díaz
Arturo Piña García,arturo piña garcía
Arturo Santana Alfaro,arturo santana alfaro
Arturo Toledo Méndez,arturo toledo méndez
Atali Sofía Rangel Ortíz,atali sofía rangel ortíz
AUGUSTO FERNANDO ÁVALOS LONGORIA,augusto fernando ávalos longoria
Augusto Valencia López,augusto valencia lópez
Aurora Candelaria Ceh Reyna,aurora candelaria ceh reyna
Aydé Espinoza González,aydé espinoza gonzález
Bahena Corbalá Domingo,bahena corbalá domingo
Balboa Sánchez Rafael Abner,balboa sánchez rafael abner
Baldemar Alejandro Cortés Meneses,baldemar alejandro cortés meneses
Baltazar Valenzuela Guerra,baltazar valenzuela guerra
Basilio Picazo Pérez,basilio picazo pérez
Baxzi Mata Antonlno,baxzi mata antonlno
Beatriz Adriana Olivares Pinal,beatriz adriana olivares pinal
Beatriz Alarcón Adame,beatriz alarcón adame
Beatriz López Jiménez,beatriz lópez jiménez
Beatriz Manrique Guevara,beatriz manrique guevara
Beatriz Medina Rangel,beatriz medina rangel
Beatriz Rojas Martínez,beatriz rojas martínez
Benedicto Cortés Díaz,benedicto cortés díaz
Bernardo Arrubarrena García,bernardo arrubarrena garcía
Bernardo Ortega Jiménez,bernardo ortega jiménez
Bertha Alicia Cardona,bertha alicia cardona
Bertha Padilla Chacon,bertha padilla chacon
Bingen Rementería Molina,bingen rementería molina
Bladimir Zainos Flores,bladimir zainos flores
Blanca Gámez Gutiérrez,blanca gámez gutiérrez
BLANCA RUTH ESPONDA ESPINOSA,blanca ruth esponda espinosa
Blas Jorge Garcilazo Alcántara,blas jorge garcilazo alcántara
Bosch Hernández Patricio,bosch hernández patricio
Brenda Elizabeth Jaime Montoya,brenda elizabeth jaime montoya
Brenda María Izontli Alvarado Sanchez,brenda maría izontli alvarado sanchez
Cabrera Sandoval Francisco Javier ,cabrera sandoval francisco javier 
Cáceres Álvarez Andrés,cáceres álvarez andrés
Callejas Arroyo Juan Nicolás,callejas arroyo juan nicolás
Campos Piedra Tito,campos piedra tito
Candelaria Cauich Ku,candelaria cauich ku
Candelaria Pérez Jiménez,candelaria pérez jiménez
Canek Vázquez Góngora,canek vázquez góngora
Carballo Salazar Heber Alan,carballo salazar heber alan
Carlos Alberto León García,carlos alberto león garcía
Carlos Alberto Pedroza Morales,carlos alberto pedroza morales
Carlos Alberto Ramos Aragón,carlos alberto ramos aragón
Carlos Alberto Sandoval Cardona,carlos alberto sandoval cardona
Carlos Alberto Vera Vidal,carlos alberto vera vidal
Carlos Alfonso Candelaria López,carlos alfonso candelaria lópez
Carlos Antonio Morales Guevara,carlos antonio morales guevara
Carlos Daniel Hernández Olivares,carlos daniel hernández olivares
Carlos Emilio Contreras Galindo,carlos emilio contreras galindo
Carlos Enrique Martínez Aké,carlos enrique martínez aké
Carlos Ernesto Navarro López,carlos ernesto navarro lópez
Carlos Hernández Mirón,carlos hernández mirón
Carlos Ignacio Mier Bañuelos,carlos ignacio mier bañuelos
CARLOS ILDELFONSO JIMENEZ TRUJILLO,carlos ildelfonso jimenez trujillo
Carlos Lázaro Sanchez Tapia,carlos lázaro sanchez tapia
Carlos Manuel Fu Salcido,carlos manuel fu salcido
Carlos Manuel Vega de la Isla,carlos manuel vega de la isla
Carlos Martín Ruiz Ortega,carlos martín ruiz ortega
Carlos Martínez Amador,carlos martínez amador
Carlos Matuk López de Nava,carlos matuk lópez de nava
Carlos Morales Badillo,carlos morales badillo
Carlos Ordorica Cervantes,carlos ordorica cervantes
Carlos Peña Badillo,carlos peña badillo
Carlos Ramiro Sosa,carlos ramiro sosa
Carlos Reyes Torres,carlos reyes torres
Carlos Samuel Moreno Terán,carlos samuel moreno terán
Carlos Sanchez Sanchez,carlos sanchez sanchez
Carmen Antuna Cruz,carmen antuna cruz
Carmen Iliama Castillo Ávila,carmen iliama castillo ávila
Carmen Rocío González Alonso,carmen rocío gonzález alonso
Carolina Beauregard Martínez,carolina beauregard martínez
Carolina Berenice Guevara Maupome,carolina berenice guevara maupome
Carolina Dávila Ramírez,carolina dávila ramírez
Castillo Reyes Verónica,castillo reyes verónica
Cecilia Gonzalez Gómez,cecilia gonzalez gómez
Cecilia Lopez Sánchez,cecilia lopez sánchez
Cecilia Sampedro Minor ,cecilia sampedro minor 
Celestino Abrego Escalante,celestino abrego escalante
César Arnulfo Cravioto Romero,césar arnulfo cravioto romero
Cesar Augusto Deras Almodova,cesar augusto deras almodova
César Augusto Pacheco Hernández,césar augusto pacheco hernández
Cesar Augusto Rojas Rabelo,cesar augusto rojas rabelo
Cesar Daniel González Madruga,cesar daniel gonzález madruga
Cesar Fredy Cuatecontzi Cuahutle,cesar fredy cuatecontzi cuahutle
César Fredy Montoya Sánchez,césar fredy montoya sánchez
César Gustavo Jáuregui Moreno,césar gustavo jáuregui moreno
CESAR IVÁN IBAÑEZ VALADEZ,cesar iván ibañez valadez
César Landin Pineda,césar landin pineda
César Reynaldo Navarro de Alba,césar reynaldo navarro de alba
Charles Méndez Sánchez,charles méndez sánchez
Chlunti Hernández Juan René,chlunti hernández juan rené
Christian Damian Von Roehrich de la Isla,christian damian von roehrich de la isla
Cinthya Amaranta Lobato Calderón,cinthya amaranta lobato calderón
Cipactli Dinorah Pizano Osorio,cipactli dinorah pizano osorio
Cipriano Charrez Pedraza,cipriano charrez pedraza
Cirilo Salas Hernández,cirilo salas hernández
Citlalic Guadalupe Portillo Hidalgo,citlalic guadalupe portillo hidalgo
Claudia Delgadillo Gonzalez,claudia delgadillo gonzalez
Claudia Guadalupe Cortes Quiroz,claudia guadalupe cortes quiroz
CLAUDIA GUADALUPE TRUJILLO RINCON,claudia guadalupe trujillo rincon
Claudia Liliana Valdez Aguilar,claudia liliana valdez aguilar
Claudia Lucía Carrillo Trevizo,claudia lucía carrillo trevizo
Cliserio del Real Hernández,cliserio del real hernández
Condado Escamilla Ana María,condado escamilla ana maría
Córdoba Hernández Gaspar,córdoba hernández gaspar
Córdova Leyva Mario,córdova leyva mario
Corona Salazar Álvarez,corona salazar álvarez
Crecenciano Espericueta Rodríguez,crecenciano espericueta rodríguez
Crescencio Reyes Torres,crescencio reyes torres
Crispin Guerra Cárdenas,crispin guerra cárdenas
Cristino Evencio Romero Sotelo,cristino evencio romero sotelo
Cruz Elvira Juan,cruz elvira juan
Cruz Juvenal Roa Sánchez,cruz juvenal roa sánchez
Crystal Tovar Aragón,crystal tovar aragón
Cuauhtémoc Calderón Galván,cuauhtémoc calderón galván
Cuauhtémoc Escobedo Tejada,cuauhtémoc escobedo tejada
Cuauhtémoc Salgado Romero,cuauhtémoc salgado romero
Cupertino Alejo Domínguez,cupertino alejo domínguez
Custodio Castillo Yolanda,custodio castillo yolanda
Cynthia Iliana López Castro,cynthia iliana lópez castro
Daesy Alvorada Hinojosa Rosas,daesy alvorada hinojosa rosas
Dagdug Lutzow Esther Alicia,dagdug lutzow esther alicia
Daniel Andrade Zurutuza,daniel andrade zurutuza
Daniel Esteban González,daniel esteban gonzález
Daniel Murguía Lardizábal,daniel murguía lardizábal
Daniel Ordoñez Hernández,daniel ordoñez hernández
Daniela Guadalupe Griego Ceballos,daniela guadalupe griego ceballos
Daniela Soraya Álvarez Hernández,daniela soraya álvarez hernández
Darío Carrasco Aguilar,darío carrasco aguilar
David Alejandro Landeros,david alejandro landeros
David Gama Pérez,david gama pérez
DAVID GARCIA URBINA,david garcia urbina
David Homero Palafox Celaya,david homero palafox celaya
David López Cárdenas,david lópez cárdenas
David Nájera Moreno,david nájera moreno
David Parra Sánchez,david parra sánchez
David Ricardo Cervantes Peredo,david ricardo cervantes peredo
De la Cruz Alejandro Carlos Mario ,de la cruz alejandro carlos mario 
Del Ángel Arroyo Marco Antonio,del ángel arroyo marco antonio
Delfina Concepción Olivia Hernández,delfina concepción olivia hernández
Delfino Suárez Piedras,delfino suárez piedras
Denisse Ortiz Pérez,denisse ortiz pérez
Diana Karina Velázquez Ramírez,diana karina velázquez ramírez
Díaz Fuentes Edgar,díaz fuentes edgar
Diego Eric Moreno Valle,diego eric moreno valle
Diego Raúl Martínez García,diego raúl martínez garcía
DIEGO VALENTE VALERA FUENTES,diego valente valera fuentes
Dione Anguiano Flores,dione anguiano flores
DOMINGO GOMEZ LOPEZ,domingo gomez lopez
Domínguez Jiménez Ángel,domínguez jiménez ángel
Donovan Rito García,donovan rito garcía
Dora Elena Real Salinas,dora elena real salinas
Dora Luz Castelán Ner,dora luz castelán ner
Dora Luz Cigarroa Martínez,dora luz cigarroa martínez
Dulce Alejandra García Morlán,dulce alejandra garcía morlán
Dulce María García López,dulce maría garcía lópez
Dulce María Ortencia Mastranzo Corona,dulce maría ortencia mastranzo corona
Dulce María Rodríguez Ovando,dulce maría rodríguez ovando
Dunia Ludlow Deloya,dunia ludlow deloya
Ector Jaime Ramírez Barba,ector jaime ramírez barba
Edda Marlene Uuh Xool,edda marlene uuh xool
Edgar Borja Rangel,edgar borja rangel
Edgar Ignacio Beltran García,edgar ignacio beltran garcía
Edgar Jesús Salomón Escorza,edgar jesús salomón escorza
Edgar Oswaldo Bañales Orozco,edgar oswaldo bañales orozco
Edgar Román Hernández,edgar román hernández
Edith Avilés Cano,edith avilés cano
Edith Citlalli Rodríguez González,edith citlalli rodríguez gonzález
Edith Yolanda López Velasco,edith yolanda lópez velasco
Eduardo Ignacio Neil Cuevas Ruiz,eduardo ignacio neil cuevas ruiz
Eduardo Montaño Salinas,eduardo montaño salinas
Eduardo Ramírez Granja,eduardo ramírez granja
Eduardo Santillán Pérez,eduardo santillán pérez
Eduardo Solís Noguera,eduardo solís noguera
Eduardo Zarzosa Sánchez,eduardo zarzosa sánchez
Efraín Morales López,efraín morales lópez
Efrén Lerma Herrera,efrén lerma herrera
Efrén Salazar Pérez,efrén salazar pérez
Elda Gómez Lugo,elda gómez lugo
Elena Edith Segura Trejo,elena edith segura trejo
Eleofermes Palacios Reyes,eleofermes palacios reyes
Elí Camacho Goicochea,elí camacho goicochea
ELIA ESTRADA MACÍAS,elia estrada macías
Elia Ocaña Hernández,elia ocaña hernández
Elías Abaid Kuri,elías abaid kuri
Elías Humberto Pérez Mendoza,elías humberto pérez mendoza
Eliseo Compeán Fernández,eliseo compeán fernández
Eliseo Fernández Montufar,eliseo fernández montufar
Elizabeth Escobedo Morales,elizabeth escobedo morales
Elizabeth Mateos Hernández,elizabeth mateos hernández
ELIZABETH NÁPOLES GONZÁLEZ,elizabeth nápoles gonzález
Eloísa Hernández Valle,eloísa hernández valle
Eloy García Tarín,eloy garcía tarín
Elsa Amabel Landín Olivares,elsa amabel landín olivares
Elsy López Montoya,elsy lópez montoya
Elvia Suárez Ramírez,elvia suárez ramírez
Elvira Paniagua Rodríguez,elvira paniagua rodríguez
Emilia García Guzmán,emilia garcía guzmán
Emiliano Díaz Román,emiliano díaz román
Emiliano López Cruz,emiliano lópez cruz
Emilio Eliseo Molina Hernández,emilio eliseo molina hernández
EMILIO ENRIQUE SALAZAR FARIAS,emilio enrique salazar farias
Emilio Ortega Antonio,emilio ortega antonio
Emma Karina Millán Bueno,emma karina millán bueno
Enrique Aubry de Castro Pérez,enrique aubry de castro pérez
Enrique Audencio Mazutti Delgado,enrique audencio mazutti delgado
Enrique Evangelista Velázquez,enrique evangelista velázquez
Enrique Franco Medina,enrique franco medina
Enrique Licón Chávez,enrique licón chávez
Enrique Mendoza Velázquez,enrique mendoza velázquez
Enrique Nacer Hernández,enrique nacer hernández
Enrique Padilla Sánchez,enrique padilla sánchez
Enrique Vargas del Villar ,enrique vargas del villar 
Epifano López Garnica,epifano lópez garnica
Eréndira Elsa Carlota Jiménez Montiel,eréndira elsa carlota jiménez montiel
Eréndira Olimpia Cova Brindis,eréndira olimpia cova brindis
Eric Cotoñeto Carmona,eric cotoñeto carmona
Eric Salas Gonzalez,eric salas gonzalez
Érica del Carmen Velázquez Vacio,érica del carmen velázquez vacio
Ericel Gómez Nucame,ericel gómez nucame
Erick Pacheco Reyes ,erick pacheco reyes 
Erika Alcaraz Sosa,erika alcaraz sosa
Erika Lizbeth Ramirez Perez,erika lizbeth ramirez perez
Érika Lorena Arroyo Bello,érika lorena arroyo bello
Erika Saab Lara,erika saab lara
Ernestina Godoy Ramos,ernestina godoy ramos
Ernesto Castillo Rosado,ernesto castillo rosado
Ernesto Cuevas Hernández,ernesto cuevas hernández
Ernesto Fidel Gonzalez Pérez,ernesto fidel gonzalez pérez
Ernesto Leyva Córdova,ernesto leyva córdova
Ernesto Sánchez Rodríguez,ernesto sánchez rodríguez
Ernesto Vázquez Baca,ernesto vázquez baca
Esperanza Alcaraz Alcaraz,esperanza alcaraz alcaraz
Esteban Alejandro García Castro,esteban alejandro garcía castro
Esteban Meneses Torres,esteban meneses torres
Estela Chavez Cerillo,estela chavez cerillo
Esthela Damián Peralta,esthela damián peralta
Eufrosina Cruz Mendoza,eufrosina cruz mendoza
Eugenia Flores Hernández,eugenia flores hernández
Eusebio Cepeda Solís,eusebio cepeda solís
Eusebio González Rodríguez,eusebio gonzález rodríguez
Eusebio Mesina Reyes,eusebio mesina reyes
Eva Eloisa Lescas Hernámdez,eva eloisa lescas hernámdez
Eva Felícitas Cadena Sandoval,eva felícitas cadena sandoval
Eva Mendez Luis ,eva mendez luis 
Evangelina Paredes Zamora,evangelina paredes zamora
Evaristo Roberto Candia Ortega,evaristo roberto candia ortega
Ever Oswaldo Orrantia  Ceniceros,ever oswaldo orrantia  ceniceros
Everardo Pedro Vargas Reyes,everardo pedro vargas reyes
Fabiola Ricci Diestel,fabiola ricci diestel
Facundo Aguilar López,facundo aguilar lópez
Fanny Elizabeth de la Cruz Hernández,fanny elizabeth de la cruz hernández
Federico Döring Casar,federico döring casar
Federico Rangel Lozano,federico rangel lozano
Fela Patricia Pelayo López,fela patricia pelayo lópez
Feliciano Valle Sandoval,feliciano valle sandoval
Felicita Hernández Montaño,felicita hernández montaño
Felicitas Parra Elizalde,felicitas parra elizalde
Felipe Borja Texocotitla,felipe borja texocotitla
Felipe Cabral Soto,felipe cabral soto
Felipe David Espinoza Rodríguez,felipe david espinoza rodríguez
Felipe de Jesús Enríquez Herrera,felipe de jesús enríquez herrera
Felipe de Jesus Orozco García,felipe de jesus orozco garcía
Felipe de Jesus Romo Cuellar,felipe de jesus romo cuellar
Felipe Félix de la Cruz Ménez,felipe félix de la cruz ménez
Felipe Meraz Silva,felipe meraz silva
Félix Antonio Serrano Toledo,félix antonio serrano toledo
Félix Porras Ciro Gonzalo,félix porras ciro gonzalo
Félix Santos Bacilio,félix santos bacilio
Fernández Bernal Edgar Hugo,fernández bernal edgar hugo
Fernando Barragán Gutiérrez,fernando barragán gutiérrez
Fernando Díaz de León González,fernando díaz de león gonzález
Fernando Espino Arevalo,fernando espino arevalo
Fernando García Enríquez ,fernando garcía enríquez 
Fernando Gonzalez Mejía,fernando gonzalez mejía
Fernando Huerta Cerecedo,fernando huerta cerecedo
Fernando Hurtado Cárdenas,fernando hurtado cárdenas
Fernando Kuri Kuri,fernando kuri kuri
Fernando Lorenzo Estrada,fernando lorenzo estrada
Fernando Mariano Reyes Ramírez,fernando mariano reyes ramírez
Fernando Pucheta Sánchez,fernando pucheta sánchez
Fernando Saul Montaño Perea,fernando saul montaño perea
Fernando Zárate Salgado,fernando zárate salgado
Fidel Águila Rodríguez,fidel águila rodríguez
Fidel Almanza Monroy,fidel almanza monroy
Fidel Alvarez Toledo,fidel alvarez toledo
Flavia García García,flavia garcía garcía
FLOR ANGEL JIMENEZ JIMENEZ,flor angel jimenez jimenez
Flor Añorve Ocampo,flor añorve ocampo
Flor Ayala Robles Linares,flor ayala robles linares
Flor Esther Gastélum Vértiz,flor esther gastélum vértiz
Flor Ivone Morales Miranda,flor ivone morales miranda
Florentino Domínguez Ordóñez,florentino domínguez ordóñez
Floria María Hernández Hernández,floria maría hernández hernández
Francis Anel Bueno Sánchez,francis anel bueno sánchez
Francis Irma Pirín Cigarrero,francis irma pirín cigarrero
Francisca Henríquez Ayón,francisca henríquez ayón
Francisco Agundis Arias,francisco agundis arias
Francisco Arreola Sanchez,francisco arreola sanchez
Francisco Caro Velo,francisco caro velo
Francisco Elias Romellón Herrera,francisco elias romellón herrera
Francisco Flores Solano,francisco flores solano
FRANCISCO GONZÁLEZ DE LA CRUZ,francisco gonzález de la cruz
Francisco Javier Ceballos Galindo,francisco javier ceballos galindo
Francisco Javier Contreras Ramírez,francisco javier contreras ramírez
Francisco Javier Eric Sevilla Montes de Oca,francisco javier eric sevilla montes de oca
Francisco Javier Fernandez Clamont,francisco javier fernandez clamont
Francisco Javier Gallegos Chavarría,francisco javier gallegos chavarría
FRANCISCO JAVIER IBARRA JÁQUEZ,francisco javier ibarra jáquez
Francisco Javier Jiménez Huerta,francisco javier jiménez huerta
Francisco Javier Malaxechevarría González,francisco javier malaxechevarría gonzález
FRANCISCO JAVIER MORALES HERNANDEZ,francisco javier morales hernandez
Francisco Javier Rodríguez García,francisco javier rodríguez garcía
Francisco Lauro Rojas San Román,francisco lauro rojas san román
Francisco Martínez Delgado,francisco martínez delgado
Francisco Rodríguez Álvarez,francisco rodríguez álvarez
Francisco Rodríguez Posada ,francisco rodríguez posada 
Francisco Solano Urías,francisco solano urías
FRANCISCO SOLORZANO VALLES,francisco solorzano valles
Fredy Fernando Martínez Quijano,fredy fernando martínez quijano
Fredy Gil Pineda Gopar,fredy gil pineda gopar
Frey García Guevara,frey garcía guevara
Fuentes Urrutla Carlos Gabriel,fuentes urrutla carlos gabriel
Gabriel Ángel García Cantú,gabriel ángel garcía cantú
Gabriel Antonio Godinez Jiménez,gabriel antonio godinez jiménez
Gabriel Gómez del campo Gurza,gabriel gómez del campo gurza
Gabriel Olvera Hernández,gabriel olvera hernández
Gabriela Benavides Cobos,gabriela benavides cobos
Gabriela de la Paz Sevilla Blanco,gabriela de la paz sevilla blanco
Galo Carrillo Villalpando,galo carrillo villalpando
Gándara Andrade Alfredo,gándara andrade alfredo
García Brlngas Leandro Rafael,garcía brlngas leandro rafael
García Hernández Jaqueline,garcía hernández jaqueline
García Martínez Neyda Beatriz,garcía martínez neyda beatriz
Garrido Sánchez Francisco,garrido sánchez francisco
Genaro Cervanrtes Vega,genaro cervanrtes vega
Gene René Bojórquez Ruíz,gene rené bojórquez ruíz
Geovanna del Carmen Bañuelos de la Torre,geovanna del carmen bañuelos de la torre
Geraldine González Cervantes,geraldine gonzález cervantes
Gerardo del Mazo Morales,gerardo del mazo morales
Gerardo García Henestroza,gerardo garcía henestroza
Gerardo Mejía Ramírez,gerardo mejía ramírez
Gerardo Pliego Santana,gerardo pliego santana
Germán Farías Silvestre,germán farías silvestre
Gilberto Zamora Salas,gilberto zamora salas
Gildardo Real Ramírez,gildardo real ramírez
Gina Araceli Rocha Ramírez,gina araceli rocha ramírez
Gloria Aguilar Ita,gloria aguilar ita
Gloria González Burboa,gloria gonzález burboa
Gloria Herrera,gloria herrera
Gloria Porras Valles,gloria porras valles
Gloria Romero León,gloria romero león
GLORIA TRINIDAD LUNA RUIZ,gloria trinidad luna ruiz
Gómer Monárrez Lara,gómer monárrez lara
Gómez Cota,gómez cota
Graciela Larios Rivas,graciela larios rivas
Gregorio Murillo Uscanga,gregorio murillo uscanga
Gregorio Pablo Jiménez Carrillo,gregorio pablo jiménez carrillo
Gretel Culin Jaime,gretel culin jaime
Guadalupe Adela Gracia Benitez,guadalupe adela gracia benitez
Guadalupe Carrizoza Ch.,guadalupe carrizoza ch.
Guadalupe Celia Flores Escobedo,guadalupe celia flores escobedo
Guadalupe Chávez Acosta,guadalupe chávez acosta
Guadalupe Gabriela Castilla García,guadalupe gabriela castilla garcía
Guadalupe Isadora Santivañez Rios,guadalupe isadora santivañez rios
Guadalupe Nalleli Román Lira,guadalupe nalleli román lira
Guadalupe Osorno Maldonado,guadalupe osorno maldonado
Guadalupe Tejocote González,guadalupe tejocote gonzález
Gudlño Corro Gustavo,gudlño corro gustavo
Guillermo Aguirre Fonseca,guillermo aguirre fonseca
Guillermo Barreda Gaxiola,guillermo barreda gaxiola
Guillermo Galland Guerrero,guillermo galland guerrero
Guillermo Romo Méndez,guillermo romo méndez
Guillermo Torres López,guillermo torres lópez
Guillermo Ulises Ruiz Esparza de Alba,guillermo ulises ruiz esparza de alba
Gustavo Alfaro Ontiveros,gustavo alfaro ontiveros
Gustavo Díaz Sánchez,gustavo díaz sánchez
Gustavo Marín Antonio,gustavo marín antonio
Gustavo Martínez Aguirre,gustavo martínez aguirre
Gustavo Uribe Góngora,gustavo uribe góngora
Gutiérrez de Velasco Hoyos José Ramón ,gutiérrez de velasco hoyos josé ramón 
Guzmán Avllés Joaquín Rosendo,guzmán avllés joaquín rosendo
Hector  Magaña Lara,hector  magaña lara
Hector Alejandro Hermosillo Gonzalez,hector alejandro hermosillo gonzalez
Héctor Antonio Astudillo Flores,héctor antonio astudillo flores
Héctor Apreza Patrón,héctor apreza patrón
Héctor David Alarid Rodríguez,héctor david alarid rodríguez
Héctor Eduardo Alonso Granados,héctor eduardo alonso granados
Héctor Eduardo Vela Valenzuela,héctor eduardo vela valenzuela
Héctor Hernández Silva,héctor hernández silva
Héctor Hugo Avitia Corral,héctor hugo avitia corral
Héctor Hugo Hernández Rodríguez,héctor hugo hernández rodríguez
Héctor Insúa García,héctor insúa garcía
Hector Israel Ortiz Ortiz,hector israel ortiz ortiz
Hector Iván Magaña Rentería,hector iván magaña rentería
Héctor Miguel Bautista López,héctor miguel bautista lópez
Héctor Pedraza Olguín,héctor pedraza olguín
Héctor Pedroza Jiménez,héctor pedroza jiménez
Héctor Saúl Tellez Hernández,héctor saúl tellez hernández
Héctor Vega Nevárez,héctor vega nevárez
Héctor Vicario Castrejón,héctor vicario castrejón
Héctor Zirahuén Pastor Alvarado,héctor zirahuén pastor alvarado
Heriberto Leal Valencia,heriberto leal valencia
Heriberto Ramírez Martínez,heriberto ramírez martínez
Herlinda Vazquez Munguía,herlinda vazquez munguía
Herminio Manuel Cuevas Chavez,herminio manuel cuevas chavez
Hernández Hernández Carlos Ernesto,hernández hernández carlos ernesto
Herrera Dagdug José Sabino,herrera dagdug josé sabino
Herrera Sánchez  José del Carmen,herrera sánchez  josé del carmen
Herrera Torruco Noé Daniel,herrera torruco noé daniel
Hever Quezada Flores,hever quezada flores
Higinio Chávez García,higinio chávez garcía
Higinio Martínez Miranda,higinio martínez miranda
Hilda Alcira Chang Valenzuela,hilda alcira chang valenzuela
Hilda Angélica Falliner Silva,hilda angélica falliner silva
Hilda Graciela Pérez Luis,hilda graciela pérez luis
Hilda Santos Padrón,hilda santos padrón
Horacio Antonio Mendoza,horacio antonio mendoza
Horacio Duarte Olivares,horacio duarte olivares
Horacio Trejo Badillo,horacio trejo badillo
HORTENCIA ZUÑIGA TORRES,hortencia zuñiga torres
Hortensia Aragón Castillo,hortensia aragón castillo
Hugo Alejo Domínguez,hugo alejo domínguez
Hugo Andrés Hernández Vargas,hugo andrés hernández vargas
Hugo Contreras Zepeda,hugo contreras zepeda
Hugo Francisco Pérez Moreno,hugo francisco pérez moreno
Hugo González Saavedra,hugo gonzález saavedra
Hugo Mauricio Pérez Anzueto,hugo mauricio pérez anzueto
Hugo Rene Esparza Hermosillo,hugo rene esparza hermosillo
Hugo Rodríguez Díaz,hugo rodríguez díaz
Humberto Agustín Macías Romero,humberto agustín macías romero
Humberto Alejandro Lugo Guerrero,humberto alejandro lugo guerrero
Humberto Cortés Sevilla,humberto cortés sevilla
Humberto Cuahutle Tecuapacho,humberto cuahutle tecuapacho
Humberto Jesús Robles Pompa,humberto jesús robles pompa
Humberto Manuel Cauich Jesús,humberto manuel cauich jesús
Ignacia Molina Villareal,ignacia molina villareal
Ignacio Basilio García,ignacio basilio garcía
Ignacio García Fierros,ignacio garcía fierros
Ignacio Ramírez Sánchez,ignacio ramírez sánchez
Ileana Jannette Herrera Perez,ileana jannette herrera perez
Imelda Castro Castro,imelda castro castro
Imelda Cuellar Cano,imelda cuellar cano
Imelda Irene Beltrán Amaya,imelda irene beltrán amaya
Ingram Vallines Ana Guadalupe,ingram vallines ana guadalupe
Inocencio Chavez Reséndiz,inocencio chavez reséndiz
Irad Mercado Ávila,irad mercado ávila
Iraís Francisca González Melo,iraís francisca gonzález melo
Irazema Gonzalez Martínez Olivares,irazema gonzalez martínez olivares
Irene Buendía Balderas,irene buendía balderas
Iris Aguirre Borrego,iris aguirre borrego
Iris Fernanda Sánchez Chiu,iris fernanda sánchez chiu
Irma de Anda Licea,irma de anda licea
Irma Guadalupe Moreno Ovalles,irma guadalupe moreno ovalles
Irma Leticia González Sánchez,irma leticia gonzález sánchez
Irma Leticia Tirado Sandoval,irma leticia tirado sandoval
Irving Adrián Granada Castro,irving adrián granada castro
ISABEL ANCHEITA PALACIOS,isabel ancheita palacios
Isabel Priscila Vera Hernández,isabel priscila vera hernández
Isabel Rodríguez Cordoba,isabel rodríguez cordoba
Isabel Villers Aispuro,isabel villers aispuro
Isaías Aguilar Gómez,isaías aguilar gómez
Isaías Cortés Berumen,isaías cortés berumen
Isaías Pliego Mancilla,isaías pliego mancilla
Isidoro Bazaldúa Lugo,isidoro bazaldúa lugo
Isidro Duarte Cabrera,isidro duarte cabrera
Ismael Arias López,ismael arias lópez
Ismael del Toro Castro,ismael del toro castro
Ismael Gadoth Tapia Benítez,ismael gadoth tapia benítez
Ismael Solís Mares,ismael solís mares
Ismael Vázquez López,ismael vázquez lópez
Israel Betanzos Cortés,israel betanzos cortés
Israel Fierro Terrazas,israel fierro terrazas
Israel Reyes ledesma Magaña,israel reyes ledesma magaña
Israel Soto Peña,israel soto peña
ITZEL FRANCISCA DE LEON VILLARD,itzel francisca de leon villard
Iván Alejandro Sánchez Nájera,iván alejandro sánchez nájera
Iván Conrado Camacho Moreno,iván conrado camacho moreno
Iván de Santiago Beltrán,iván de santiago beltrán
Iván Pachuca Domínguez,iván pachuca domínguez
Iván Texta Solïs,iván texta solïs
Ivette Topete Garcia,ivette topete garcia
J. Carmen Corona Pérez,j. carmen corona pérez
J. Dolores López Guzmán,j. dolores lópez guzmán
J. Eleazar Centeno Ortiz,j. eleazar centeno ortiz
J. Guadalupe Hernández Ríos,j. guadalupe hernández ríos
J. Jesus Llamas Contreras,j. jesus llamas contreras
J. Jesus Martínez Martínez,j. jesus martínez martínez
J. Jesús Rangel de Lira,j. jesús rangel de lira
J. Marco Antonio Miranda Mazcorro,j. marco antonio miranda mazcorro
J.Jesus Oviedo Herrera,j.jesus oviedo herrera
J.Luis Fernando Muñoz López,j.luis fernando muñoz lópez
Jacobo David Cheja Alfaro,jacobo david cheja alfaro
Jaime Alberto Ochoa Amorós,jaime alberto ochoa amorós
Jaime Muñoz Morfín,jaime muñoz morfín
Jaime Piñón Valdivia,jaime piñón valdivia
Jaime Valenzuela Hernández,jaime valenzuela hernández
Janet Adriana Hernández Sotelo,janet adriana hernández sotelo
Janeth García Cruz,janeth garcía cruz
Janini Guadalupe Casanova García,janini guadalupe casanova garcía
Jany Robles Ortiz,jany robles ortiz
JAQUELINE DEL RÍO LÓPEZ,jaqueline del río lópez
Javier Amador de la Fuente,javier amador de la fuente
Javier Antonio Enríquez  Orozco,javier antonio enríquez  orozco
Javier Antonio Neblina Vega,javier antonio neblina vega
Javier César Barroso Sánchez,javier césar barroso sánchez
Javier Dagnino Escobosa,javier dagnino escobosa
Javier Francisco Barrera Pacheco,javier francisco barrera pacheco
Javier González Saavedra,javier gonzález saavedra
Javier Ortega Vila,javier ortega vila
Javier Salinas Narváez,javier salinas narváez
Javier Torres Rodríguez,javier torres rodríguez
Javier Velásquez Guzmán,javier velásquez guzmán
Javier Villarreal Gámez,javier villarreal gámez
Jefte Méndez Hernández,jefte méndez hernández
Jerónimo Alejandro Ojeda Anguiano,jerónimo alejandro ojeda anguiano
Jesús Alberto Valenciano García,jesús alberto valenciano garcía
JESUS ALEJO ORANTES RUIZ,jesus alejo orantes ruiz
Jesus Antonio Becerril Gasca,jesus antonio becerril gasca
Jesús Antonio Marcial Liparoli,jesús antonio marcial liparoli
Jesus Antonio Quiñones Loeza,jesus antonio quiñones loeza
Jesus Armando López Velarde Campa,jesus armando lópez velarde campa
Jesus Arnulfo Castillo Milla,jesus arnulfo castillo milla
Jesús Baltazar Rendón Sánchez,jesús baltazar rendón sánchez
Jesus Cuauhtémoc Velasco Oliva,jesus cuauhtémoc velasco oliva
Jesús Eduardo Rocha Álvarez,jesús eduardo rocha álvarez
Jesús Enrique Hernández CH.,jesús enrique hernández ch.
Jesús Epifanio Salido Pavlovich,jesús epifanio salido pavlovich
JESÚS EVER MEJORADO REYES,jesús ever mejorado reyes
Jesus Gerardo Silva Campos,jesus gerardo silva campos
Jesús Guillermo Gutiérrez Ruiz Esparza,jesús guillermo gutiérrez ruiz esparza
Jesús José Díaz Monárrez,jesús josé díaz monárrez
Jesús López Rodríguez,jesús lópez rodríguez
Jesús Marcial Liborio,jesús marcial liborio
Jesús Morquecho Valdez,jesús morquecho valdez
Jesus Pablo Peralta García,jesus pablo peralta garcía
Jesús Portillo Herrera,jesús portillo herrera
Jesús Ricardo Enríquez Fuentes,jesús ricardo enríquez fuentes
Jesús Salvador Zaldívar Benavides,jesús salvador zaldívar benavides
Jesus Sanchez Isidro,jesus sanchez isidro
Jesus Sesmas Suárez,jesus sesmas suárez
Jesús Vázquez Viveros,jesús vázquez viveros
Jesús Villarreal Macías,jesús villarreal macías
Jiménez Rodríguez Víctor Román,jiménez rodríguez víctor román
Jocías Catalán Valdez,jocías catalán valdez
Joel Padilla Peña,joel padilla peña
Joel Salomón Avitia,joel salomón avitia
Jonathan Moises Ensaldo Muñoz,jonathan moises ensaldo muñoz
Jorge Agustín Zepeda Cruz,jorge agustín zepeda cruz
JORGE ALBERTO CLEMENTE MAGDALENO,jorge alberto clemente magdaleno
Jorge Alberto Lazo Zentella,jorge alberto lazo zentella
Jorge Alberto Nordhausen Carrizales,jorge alberto nordhausen carrizales
Jorge Arana Arana,jorge arana arana
Jorge Arena Elizondo,jorge arena elizondo
Jorge Camacho Peñaloza,jorge camacho peñaloza
Jorge Carlos Soto Prieto,jorge carlos soto prieto
Jorge Eduaro De la cruz Niero,jorge eduaro de la cruz niero
JORGE ENRIQUE HERNANDEZ BIELMA,jorge enrique hernandez bielma
Jorge Enrique Videgaray Verdad,jorge enrique videgaray verdad
Jorge Gómez Carranco,jorge gómez carranco
Jorge José Saénz de Miera Lara,jorge josé saénz de miera lara
Jorge Luis Coriche Avilés,jorge luis coriche avilés
Jorge Luis Márquez Cazares,jorge luis márquez cazares
Jorge Mario Quintana Silveyra,jorge mario quintana silveyra
Jorge Miguel García Vázquez,jorge miguel garcía vázquez
Jorge Omar Velázquez Ruiz,jorge omar velázquez ruiz
JORGE PÉREZ ROMERO,jorge pérez romero
Jorge Romero Herrera,jorge romero herrera
Jorge Rosas Ruíz,jorge rosas ruíz
Jorge Salazar Marchán,jorge salazar marchán
Jorge Torres Mercado,jorge torres mercado
Jorge Varona Rodríguez,jorge varona rodríguez
Jose Abraham Mendivil López,jose abraham mendivil lópez
José Adalberto Canto Sosa,josé adalberto canto sosa
José Adrián Orozco Neri,josé adrián orozco neri
JOSE AGUSTIN LOPEZ LARA,jose agustin lopez lara
Jose Alberto Benavides Castañeda,jose alberto benavides castañeda
José Alberto Couttolenc Güemez,josé alberto couttolenc güemez
José Alfonso Mollinedo Zurita,josé alfonso mollinedo zurita
Jose Alfonso Suarez del Real y Aguilera,jose alfonso suarez del real y aguilera
José Alfredo Martínez Núñez,josé alfredo martínez núñez
José Alfredo Torres Huitrón,josé alfredo torres huitrón
José Ángel Beltrán Félix,josé ángel beltrán félix
JOSE ANGEL CORDOVA TOLEDO,jose angel cordova toledo
José Ángel Pérez García,josé ángel pérez garcía
José Ángel Rochín López,josé ángel rochín lópez
JOSE ANTONIO ALBORES TRUJILLO,jose antonio albores trujillo
Jose Antonio López Lozano,jose antonio lópez lozano
José Antonio Orozco Sandoval,josé antonio orozco sandoval
José Antonio Pablo De La Vega Asmitia,josé antonio pablo de la vega asmitia
José Armando Gutiérrez Jiménez,josé armando gutiérrez jiménez
José Atila Morales Ruiz,josé atila morales ruiz
José Bravo Negrin,josé bravo negrin
José Carlos Serrato Castell,josé carlos serrato castell
José Chedraui Budib,josé chedraui budib
José de Jesús Romero López,josé de jesús romero lópez
José de Jesús Villanueva Gutiérrez,josé de jesús villanueva gutiérrez
José Domingo Esquitín Lastiri,josé domingo esquitín lastiri
José Donaldo Ricardo Zuñiga,josé donaldo ricardo zuñiga
José Encarnación Alfaro Cázares,josé encarnación alfaro cázares
José Enrique Juárez Ramírez,josé enrique juárez ramírez
José Ernesto Gil Elorduy,josé ernesto gil elorduy
José Esteban Medina Casanova,josé esteban medina casanova
José Everardo López Córdova,josé everardo lópez córdova
José Felipe Garzón López,josé felipe garzón lópez
José Fernando Mercado Guaida,josé fernando mercado guaida
José Francisco Vázquez Rodríguez,josé francisco vázquez rodríguez
JOSÉ GABRIEL RODRÍGUEZ VILLA,josé gabriel rodríguez villa
Jose García Mora,jose garcía mora
José Gaudencio Víctor León Castañeda,josé gaudencio víctor león castañeda
José Gerardo Zavala Procell,josé gerardo zavala procell
José Germán Jiménez García,josé germán jiménez garcía
José Gilberto Gutiérrez Gutiérrez,josé gilberto gutiérrez gutiérrez
Jose Gilberto Temoltzin Martínez,jose gilberto temoltzin martínez
José Gonzalez Ruiz,josé gonzalez ruiz
José Gonzalo Espina Miranda,josé gonzalo espina miranda
Jose Guadalupe  Guzman Chi,jose guadalupe  guzman chi
José Guadalupe Benavides Florián,josé guadalupe benavides florián
José Guillermo Aréchiga Santamaría,josé guillermo aréchiga santamaría
JOSE GUILLERMO TOLEDO MOGUEL,jose guillermo toledo moguel
José Heriberto López Briones,josé heriberto lópez briones
José Ignacio Pichardo Lechuga,josé ignacio pichardo lechuga
José Isidro Moreno Arcega,josé isidro moreno arcega
José Ismael Enrique Canul Canul,josé ismael enrique canul canul
José Israel Sandoval Macías,josé israel sandoval macías
José Javier Vázquez Sánchez,josé javier vázquez sánchez
José Juan Espinosa Torres,josé juan espinosa torres
José Juan Viggiano Austria,josé juan viggiano austria
José Juventino López Ayala,josé juventino lópez ayala
José Kirsch Sánchez,josé kirsch sánchez
José Lauro Sánchez López,josé lauro sánchez lópez
José Lorenzo Villegas Vázquez,josé lorenzo villegas vázquez
José Luis Ávila López,josé luis ávila lópez
José Luis Castillo Godínez,josé luis castillo godínez
José Luis Enríquez Ambell,josé luis enríquez ambell
José Luis Figueroa Rangel,josé luis figueroa rangel
José Luis Marcos León Perea,josé luis marcos león perea
José Luis Martínez Bocanegra,josé luis martínez bocanegra
José Luis Medina Lizalde,josé luis medina lizalde
José Ma. González Nava,josé ma. gonzález nava
Jose Manuel Ballesteros López,jose manuel ballesteros lópez
Jose Manuel Delgadillo Moreno,jose manuel delgadillo moreno
José Manuel Lizárraga Pérez,josé manuel lizárraga pérez
José Manuel Manrique Mendoza,josé manuel manrique mendoza
José Manuel Osuna Lizárraga,josé manuel osuna lizárraga
José Manuel Sánchez Martínez,josé manuel sánchez martínez
José Martín Rivera Barrios,josé martín rivera barrios
José Osvaldo Ávila Tizcareño,josé osvaldo ávila tizcareño
José Pedro Antolín Flores Valerio,josé pedro antolín flores valerio
Jose Pedro Kumamoto Aguilar,jose pedro kumamoto aguilar
José Ramón Balderrama Palafox,josé ramón balderrama palafox
José Ramón Ruíz Torres,josé ramón ruíz torres
José Roberto Arenas Martínez,josé roberto arenas martínez
José Rodolfo Lizárraga Russell,josé rodolfo lizárraga russell
José Rodulfo Muñoz Campero,josé rodulfo muñoz campero
José Rubén Figueroa Smutny,josé rubén figueroa smutny
José Santos Aispuro Calderón,josé santos aispuro calderón
José Silvino Zavala Araujo,josé silvino zavala araujo
José Venancio Ojeda Hoyos,josé venancio ojeda hoyos
José Verduzco Moreno,josé verduzco moreno
Josefina Aide Flores Delgado,josefina aide flores delgado
Josefina Buxadé Castelán,josefina buxadé castelán
Josefina Moreno Pérez,josefina moreno pérez
Juan Abad de Jesús,juan abad de jesús
Juan Antonio Córdova Orueta,juan antonio córdova orueta
Juan Antonio Esparza Alonso,juan antonio esparza alonso
Juan Antonio Méndez Rodríguez,juan antonio méndez rodríguez
Juan Antonio Vera Carrizal,juan antonio vera carrizal
Juan Ascención Calyecac Cortero,juan ascención calyecac cortero
Juan Azael Estrada Barbosa ,juan azael estrada barbosa 
Juan Bautista Olivera Guadalupe,juan bautista olivera guadalupe
Juan Carlos Anguiano Orozco,juan carlos anguiano orozco
Juan Carlos Damian Vera,juan carlos damian vera
Juan Carlos Guillén Hernández,juan carlos guillén hernández
Juan Carlos Lavalle Pinzón,juan carlos lavalle pinzón
Juan Carlos Muñoz Márquez,juan carlos muñoz márquez
Juan Carlos Natale López,juan carlos natale lópez
Juan Carlos Palafox Contreras,juan carlos palafox contreras
Juan Carlos Regis Adame,juan carlos regis adame
Juan Carlos Robles Acosta,juan carlos robles acosta
Juan Carlos Sánchez García,juan carlos sánchez garcía
Juan Cuitláhuac Avalos Méndez,juan cuitláhuac avalos méndez
Juan Demetrio Sánchez Granados,juan demetrio sánchez granados
Juan Eleuterio Muñoz Rivera,juan eleuterio muñoz rivera
Juan Francisco Jiménez Gallegos,juan francisco jiménez gallegos
Juan Francisco Ovalle García,juan francisco ovalle garcía
Juan Gabriel orchado,juan gabriel orchado
Juan Gabriel Villafaña Covarrubias,juan gabriel villafaña covarrubias
Juan Jaffet Millán Márquez,juan jaffet millán márquez
Juan Jesús Briones Monzón,juan jesús briones monzón
Juan José Alvarez Brunel,juan josé alvarez brunel
Juan José García López,juan josé garcía lópez
Juan José Lam Angulo,juan josé lam angulo
Juan José Moreno Sada,juan josé moreno sada
Juan Luis Iñiguez Hernández,juan luis iñiguez hernández
Juan Manuel Armenta Montaño,juan manuel armenta montaño
Juan Manuel De Unanue Abascal,juan manuel de unanue abascal
Juan Manuel Del Castillo González,juan manuel del castillo gonzález
Juan Manuel Fócil Pérez,juan manuel fócil pérez
Juan Manuel Gutiérrez Ramírez,juan manuel gutiérrez ramírez
Juan Manuel Jiménez García,juan manuel jiménez garcía
Juan manuel Méndez Noriega,juan manuel méndez noriega
Juan Manuel Zepeda Hernandez,juan manuel zepeda hernandez
Juan Mendoza Reyes,juan mendoza reyes
Juan Nicolás Callejas Roldán,juan nicolás callejas roldán
Juan Pablo De La Fuente Utrilla,juan pablo de la fuente utrilla
Juan Pablo Yamuni Robles,juan pablo yamuni robles
Juan Quiñonez Ruiz,juan quiñonez ruiz
Juan Rendón López,juan rendón lópez
Juana Alicia Espinosa de los Monteros Ortiz,juana alicia espinosa de los monteros ortiz
Juana Andrés Rivera,juana andrés rivera
Juana Bonilla Jaime,juana bonilla jaime
Juana Ceballos Guzman,juana ceballos guzman
Juana de Guadalupe Cruz Bustos,juana de guadalupe cruz bustos
Juana Maria Juárez López,juana maria juárez lópez
Juanita Arcelia Cruz Cruz,juanita arcelia cruz cruz
Judith Pineda Andrade,judith pineda andrade
Judith Torres Vera,judith torres vera
Julia Licet Jiménez Angulo,julia licet jiménez angulo
Julia Olguín Serna,julia olguín serna
Julián Peña Hidalgo,julián peña hidalgo
Julián Rendón Tapia,julián rendón tapia
Julián Salvador Reyes,julián salvador reyes
Julieta Fernández Márquez,julieta fernández márquez
Julio Alberto Sansores Sansores,julio alberto sansores sansores
Julio César Álvarez García,julio césar álvarez garcía
Julio César Hernández Mejía,julio césar hernández mejía
Julio Ramírez Fernández,julio ramírez fernández
Karen Castrejón Trujillo,karen castrejón trujillo
Karina García Gutiérrez,karina garcía gutiérrez
Karina Padilla Ávila,karina padilla ávila
Karla Alejandra Lanuza Hernández,karla alejandra lanuza hernández
Karla Valeria Gomez Blancas,karla valeria gomez blancas
Karmen Aida Díaz Brown Ojeda,karmen aida díaz brown ojeda
Kehila Abigai Ku Escalante,kehila abigai ku escalante
Kitty Gutiérrez Mazón,kitty gutiérrez mazón
Laura Arizmendi Campos,laura arizmendi campos
Laura Barrera Fortoul,laura barrera fortoul
Laura Enriqueta Domínguez Esquivel,laura enriqueta domínguez esquivel
Laura Galván Uzeta,laura galván uzeta
Laura Iraís Ballesteros,laura iraís ballesteros
Laura Mónica Marín Franco,laura mónica marín franco
Laura Olimpia Ermila Baqueiro Ramos,laura olimpia ermila baqueiro ramos
Laura Vignon Carreño,laura vignon carreño
Lázaro Salvador Méndez Acametitla,lázaro salvador méndez acametitla
Le Roy Barragán Ocampo,le roy barragán ocampo
Ledezma López Ana Cristina,ledezma lópez ana cristina
Leila Patricia Gómez Marín,leila patricia gómez marín
Leobardo Alcántara M.,leobardo alcántara m.
Leobardo Soto Martínez,leobardo soto martínez
León Leonardo Lucas,león leonardo lucas
Leonardo Benitez Gregorio,leonardo benitez gregorio
Leonardo Montañez Castro,leonardo montañez castro
Leonardo Pérez Calva,leonardo pérez calva
Leonel Luna Estrada,leonel luna estrada
Leslie Jiménez Valencia,leslie jiménez valencia
Leslie Vibsania Mendoza Zavaleta,leslie vibsania mendoza zavaleta
Leticia Araceli Mercado Herrera,leticia araceli mercado herrera
Leticia Calderon Ramírez,leticia calderon ramírez
Leticia del Rosario Enriquez Cachon,leticia del rosario enriquez cachon
Leticia Mejía García,leticia mejía garcía
Leticia Ortega Máynez,leticia ortega máynez
Leticia Palacios Caballero,leticia palacios caballero
Leticia Rubio Montes,leticia rubio montes
Leticia Villegas Nava,leticia villegas nava
Leticia Zepeda Martínez ,leticia zepeda martínez 
Leticia Zepeda Mesina,leticia zepeda mesina
Libia Dennise Garcia Muñoz Ledo,libia dennise garcia muñoz ledo
Liliana Araceli Ibarra Rivera,liliana araceli ibarra rivera
Liliana Guadalupe Morones Vargas,liliana guadalupe morones vargas
Límbano Domínguez Román,límbano domínguez román
Lina Acosta Cid,lina acosta cid
Lisette López Godínez,lisette lópez godínez
Lizeth Marlene Sandoval Colindres,lizeth marlene sandoval colindres
Lizeth Sánchez García,lizeth sánchez garcía
Llergo Latournerie Mario Rafael,llergo latournerie mario rafael
López Hernández Rosalinda,lópez hernández rosalinda
Lorena Esperanza Oropeza Muñoz,lorena esperanza oropeza muñoz
Lorenzo Roberto Gusmán Rodríguez,lorenzo roberto gusmán rodríguez
Lorenzo Salvador Chávez Salazar,lorenzo salvador chávez salazar
Lourdes García González,lourdes garcía gonzález
Lourdes Valdez Cuevas,lourdes valdez cuevas
Lucero de Lourdes Espindola  De la Vega,lucero de lourdes espindola  de la vega
Lucero Guadalupe Sánchez López,lucero guadalupe sánchez lópez
Lucia Estela Hernández,lucia estela hernández
Luciano Cornejo Barrera,luciano cornejo barrera
Luciano Jimeno Huanosta,luciano jimeno huanosta
Luciano Tlacomulco Oliva,luciano tlacomulco oliva
Lucio Rangel Mendoza,lucio rangel mendoza
Luis Acosta Jaime,luis acosta jaime
Luis Alberto Campos Campos,luis alberto campos campos
Luis Alberto Marroquín Morato,luis alberto marroquín morato
Luis Alberto Mendoza Acevedo,luis alberto mendoza acevedo
Luis Alejandro García Rosas,luis alejandro garcía rosas
Luis Alfonso Arana Castro,luis alfonso arana castro
Luis Alfredo Carrazco Agramón,luis alfredo carrazco agramón
Luis Antonio Ramírez Pineda,luis antonio ramírez pineda
Luis Antonio Rangel Méndez,luis antonio rangel méndez
Luis Ayala Campos,luis ayala campos
Luis Daniel Olmos Barradas,luis daniel olmos barradas
Luis Enrique Baños Gómez,luis enrique baños gómez
LUIS ENRIQUE BENITEZ OJEDA,luis enrique benitez ojeda
Luis Enrique Martínez Ventura,luis enrique martínez ventura
Luis Ernesto Nieves Robinson Bours,luis ernesto nieves robinson bours
Luis Felipe Luna Obregón,luis felipe luna obregón
Luis Fernando Antero Valle,luis fernando antero valle
LUIS FERNANDO CASTELLANOS  CAL Y MAYOR,luis fernando castellanos  cal y mayor
Luis Fernando Rodríguez Giner,luis fernando rodríguez giner
Luis Fernando Sandoval Morales,luis fernando sandoval morales
Luis Gerardo Angeles Herrera,luis gerardo angeles herrera
Luis Gerardo Quijano Morales,luis gerardo quijano morales
Luis Gerardo Serrato Castell,luis gerardo serrato castell
Luis Gilberto Marrón Agustín ,luis gilberto marrón agustín 
Luis Humberto Castillo Valenzuela,luis humberto castillo valenzuela
Luis Humberto Ladino Ochoa,luis humberto ladino ochoa
Luis Iván Gurrola Vega,luis iván gurrola vega
Luis Javier Mendoza Valdez,luis javier mendoza valdez
Luis Justo Bautista,luis justo bautista
Luis Manuel Mejía Barreñada,luis manuel mejía barreñada
Luis Ramón Peralta May,luis ramón peralta may
Luis Vargas Gutierrez,luis vargas gutierrez
Luis Vega Cardón,luis vega cardón
Luisa Ángela Soto Maldonado,luisa ángela soto maldonado
Luisa Ayala Mondragón,luisa ayala mondragón
Luisa Yanira Alpízar Castellanos,luisa yanira alpízar castellanos
Luz Daniel Campos Lango,luz daniel campos lango
Luz Elena Govea López,luz elena govea lópez
Luz Margarita Chávez García,luz margarita chávez garcía
Lyndiana Elizabeth Bugarín Cortés,lyndiana elizabeth bugarín cortés
Ma Evelia Rodríguez García,ma evelia rodríguez garcía
Ma. Angelina Hernández Solís,ma. angelina hernández solís
Ma. Antonieta Puebla Vega,ma. antonieta puebla vega
Ma. de Jesus Cisneros Martínez,ma. de jesus cisneros martínez
Ma. De Jesús Melgar Vásquez,ma. de jesús melgar vásquez
Ma. De las Nieves García Fernandez,ma. de las nieves garcía fernandez
Ma. de los Angeles Salomón Galeana,ma. de los angeles salomón galeana
Ma. del Carmen Cabrera Lagunas,ma. del carmen cabrera lagunas
Ma. del Carmen Zuñiga Hernandez,ma. del carmen zuñiga hernandez
Ma. del Pilar Vadillo Ruiz,ma. del pilar vadillo ruiz
Ma. Elena Nava Martínez,ma. elena nava martínez
Ma. Estela Cortés Meléndez,ma. estela cortés meléndez
Ma. Guadalupe Adabache Reyes,ma. guadalupe adabache reyes
Ma. Guadalupe González Martínez,ma. guadalupe gonzález martínez
Ma. Guadalupe Sánchez Centeno,ma. guadalupe sánchez centeno
Ma. Guadalupe Torres Rea,ma. guadalupe torres rea
Ma. Isabel Aguilar Morales,ma. isabel aguilar morales
Ma. Luisa Vargas Mejía,ma. luisa vargas mejía
Ma. Mercedes Rojas Saldaña,ma. mercedes rojas saldaña
Mabel Gutiérrez Chávez,mabel gutiérrez chávez
Magdalena Camacho Díaz,magdalena camacho díaz
Magdalena González Esteban,magdalena gonzález esteban
Maiella Martha Gabriela Gómez Maldonado,maiella martha gabriela gómez maldonado
Manlio Beltrán Ramos,manlio beltrán ramos
Manuel Alberto Ortega LLiteras,manuel alberto ortega lliteras
Manuel Alejandro Robles Gómez,manuel alejandro robles gómez
Manuel Andrade Díaz,manuel andrade díaz
Manuel Andrés García Díaz,manuel andrés garcía díaz
Manuel Anthony Domínguez Vargas,manuel anthony domínguez vargas
Manuel Fermín Rivera Peralta,manuel fermín rivera peralta
Manuel Francisco Martínez Martínez,manuel francisco martínez martínez
Manuel Granados Covarrubias,manuel granados covarrubias
Manuel Herrera Rojas,manuel herrera rojas
Manuel Herrera Ruiz,manuel herrera ruiz
Manuel Jesús Zavala Salazar,manuel jesús zavala salazar
Manuel Navarro González,manuel navarro gonzález
Manuel Palacios Rodríguez,manuel palacios rodríguez
Manuel Pérez Morales,manuel pérez morales
Manuel Pozos Cruz,manuel pozos cruz
Manuel Rafael León Sánchez,manuel rafael león sánchez
Manuel Villegas Rodríguez,manuel villegas rodríguez
MAR GRECIA OLIVA GUERRERO,mar grecia oliva guerrero
Marcela Vieyra Alamilla,marcela vieyra alamilla
Marcelino Carbajal Oliver,marcelino carbajal oliver
Marco Antonio Baeza García,marco antonio baeza garcía
MARCO ANTONIO CANCINO GONZALEZ,marco antonio cancino gonzalez
Marco Antonio Flores Durazo,marco antonio flores durazo
Marco Antonio García Ayala,marco antonio garcía ayala
Marco Antonio Irizar Cárdenas,marco antonio irizar cárdenas
Marco Antonio Martínez Quintanilla,marco antonio martínez quintanilla
Marco Antonio Mena Rodríguez,marco antonio mena rodríguez
Marco Antonio Núñez López,marco antonio núñez lópez
Marco Antonio Ramirez Ramirez,marco antonio ramirez ramirez
Marco Antonio Ramos Moguel,marco antonio ramos moguel
Marco Antonio Rodríguez Acosta,marco antonio rodríguez acosta
Marco Antonio Rodríguez Hurtado,marco antonio rodríguez hurtado
Marco Arturo Delgado Martín,marco arturo delgado martín
Marco Aurelio Rosales Saracco,marco aurelio rosales saracco
Marcos Alberto Pinzón Charles,marcos alberto pinzón charles
Marcos Daniel Barajas Yescas,marcos daniel barajas yescas
Marcos Efrén Parra Gómez,marcos efrén parra gómez
Marcos Manuel Castrejón Morales,marcos manuel castrejón morales
Marcos Valanci Buzali,marcos valanci buzali
Margarita Maria Martínez Fisher,margarita maria martínez fisher
Margarita Ramos Villeda,margarita ramos villeda
Margarita Villaescusa Rojo,margarita villaescusa rojo
María Adela Escamilla Moreno,maría adela escamilla moreno
María Alejandra Barrios Richard,maría alejandra barrios richard
Maria Alejandra Torres Novoa,maria alejandra torres novoa
María Aleman Muñoz Castillo,maría aleman muñoz castillo
María Ana Pérez Enríquez,maría ana pérez enríquez
María Angélica Zárate Flores,maría angélica zárate flores
María Antonieta Maura Stankiewicz Ramírez,maría antonieta maura stankiewicz ramírez
María Antonieta Mendoza Mendoza,maría antonieta mendoza mendoza
María Asunción Caballero May,maría asunción caballero may
María Ávila Serna,maría ávila serna
Maria Beatriz Hernández Cruz,maria beatriz hernández cruz
María Concepción Rodríguez Pérez,maría concepción rodríguez pérez
María Cristina Urrutia De La Vega,maría cristina urrutia de la vega
María de Jesús Olvera Mejía,maría de jesús olvera mejía
María de la Luz Ramírez R.,maría de la luz ramírez r.
María de los Angeles Aguilera Ramírez,maría de los angeles aguilera ramírez
María de los Angeles Moreno Uriegas,maría de los angeles moreno uriegas
María de Lourdes Aparicio Espinosa,maría de lourdes aparicio espinosa
María de Lourdes Dávila Castañeda,maría de lourdes dávila castañeda
María de Lourdes Huerta Bretón,maría de lourdes huerta bretón
Maria de Lourdes Martínez Pizano,maria de lourdes martínez pizano
Maria de Lourdes Montiel Paredes,maria de lourdes montiel paredes
María del Carmen Mayela Macías Alvarado,maría del carmen mayela macías alvarado
María del Carmen Pérez López,maría del carmen pérez lópez
María del Carmen Ricardez Vela,maría del carmen ricardez vela
María del Carmen Rocío Tello Zamorano,maría del carmen rocío tello zamorano
Maria del Consuelo Robles Sierra,maria del consuelo robles sierra
María del Pilar Pérez Chavira,maría del pilar pérez chavira
Maria del Refugio Ruiz Moreno,maria del refugio ruiz moreno
María del Rocío Aguilar Nava,maría del rocío aguilar nava
Maria del Rocio Corona Nakamura,maria del rocio corona nakamura
María del Rocío Pérez Pérez,maría del rocío pérez pérez
María del Sagrario Villegas Grimaldo,maría del sagrario villegas grimaldo
María del Socorro Quezada Tiempo,maría del socorro quezada tiempo
Maria Dinora Hurtado Sansores,maria dinora hurtado sansores
María Elena de Anda Gutierrez,maría elena de anda gutierrez
María Elena Gómez Jiménez,maría elena gómez jiménez
María Elena Ortega Cortés,maría elena ortega cortés
María Elena Villatoro Culebro,maría elena villatoro culebro
María Elisa Manterola Sainz,maría elisa manterola sainz
María Elvira González Anchondo,maría elvira gonzález anchondo
María Estela De la Fuente Dagdug,maría estela de la fuente dagdug
María Eugenia Campos Galván,maría eugenia campos galván
María Eugenia Lozano Torres,maría eugenia lozano torres
María Eugenia Medina Miyazaki,maría eugenia medina miyazaki
María Eugenia Muñoz Espinoza,maría eugenia muñoz espinoza
María Eugenia Pérez Fernández,maría eugenia pérez fernández
María Fernanda Huerta López,maría fernanda huerta lópez
María Fernanda Rivera Romo,maría fernanda rivera romo
Maria Fernanda Rivera Sanchez,maria fernanda rivera sanchez
María Gabriela Salido Magos,maría gabriela salido magos
María Gloria Hernández Madrid,maría gloria hernández madrid
María Guadalupe Medina Padilla,maría guadalupe medina padilla
María Guadalupe Sánchez Santiago,maría guadalupe sánchez santiago
María Guadalupe Velázquez Díaz,maría guadalupe velázquez díaz
María Hilda Ramos Martínez,maría hilda ramos martínez
María Isaura Cruz de Lira,maría isaura cruz de lira
María Isela Torres Hernández,maría isela torres hernández
María Josefina Gamboa Torales,maría josefina gamboa torales
María Juana Georgina Miranda Arroyo,maría juana georgina miranda arroyo
María Lilia Mendoza Cruz,maría lilia mendoza cruz
María Lorena Pérez Olivas,maría lorena pérez olivas
María Luisa González Achem,maría luisa gonzález achem
María Luisa Matus Fuentes,maría luisa matus fuentes
María Luisa Pérez Perusquía,maría luisa pérez perusquía
María Luisa Somellera Corrales,maría luisa somellera corrales
María Mayo Mendoza,maría mayo mendoza
María Mercedes Colín Guadarrama,maría mercedes colín guadarrama
Maria Perez López,maria perez lópez
Maria Pozox Parrado,maria pozox parrado
Maria Rafaela Santamaría Blum,maria rafaela santamaría blum
María Sara Camelia Chilaca Martínez,maría sara camelia chilaca martínez
María Soledad Luévano Cantú,maría soledad luévano cantú
MARIA SOLEDAD SANDOVAL  MARTINEZ,maria soledad sandoval  martinez
María Soledas Ledezma Constantino,maría soledas ledezma constantino
María Teresa Garza Martínez,maría teresa garza martínez
María Trinidad Cardiel Sánchez,maría trinidad cardiel sánchez
María verónica Muñoz Parra,maría verónica muñoz parra
Mariana Bautista de Jesús,mariana bautista de jesús
Mariana Dunyaska García Rojas,mariana dunyaska garcía rojas
Mariana Moguel Robles,mariana moguel robles
Mariano Alberto Díaz Ochoa,mariano alberto díaz ochoa
Mariano González Aguirre,mariano gonzález aguirre
Mariano Hernández Reyes,mariano hernández reyes
Mariano Trillo Quiroz,mariano trillo quiroz
Maribel Chollet Morán,maribel chollet morán
Maribel Hernández Martínez,maribel hernández martínez
Marín Figueroa Luis Rodrigo,marín figueroa luis rodrigo
Marina Sánchez Rodríguez,marina sánchez rodríguez
Mario Alberto Álvarez Michaus,mario alberto álvarez michaus
Mario Alberto Rincón González,mario alberto rincón gonzález
Mario Alejandro Navarro Saldaña,mario alejandro navarro saldaña
Mario Cervantes González,mario cervantes gonzález
MARIO GARZA ESCOBOSA,mario garza escobosa
Mario Gerardo Riestra Piña,mario gerardo riestra piña
Mario Hugo Castellanos Ibarra,mario hugo castellanos ibarra
Mario Ramos Carmen,mario ramos carmen
Mario Salcedo Gonzalez,mario salcedo gonzalez
Mario Trinidad Tun Santoyo,mario trinidad tun santoyo
Marisol Díaz Pérez,marisol díaz pérez
MARISOL PEÑA RODRÍGUEZ,marisol peña rodríguez
Maritza Marín Marcelo,maritza marín marcelo
Marlon Martínez Martínez,marlon martínez martínez
Martha Albores Avendaño,martha albores avendaño
Martha Alicia Escamilla León,martha alicia escamilla león
Martha Alicia Meza Oregón,martha alicia meza oregón
Martha Angélica Bernardino Rojas,martha angélica bernardino rojas
Martha Cecilia Camacho Camacho,martha cecilia camacho camacho
Martha Cecilia Márquez Alvarado,martha cecilia márquez alvarado
Martha Elvia Fernández Sánchez,martha elvia fernández sánchez
Martha Leticia Sosa Govea,martha leticia sosa govea
Martha Rea y Pérez,martha rea y pérez
Martha Susana Barajas del Toro,martha susana barajas del toro
Martha Villanueva Nuñez,martha villanueva nuñez
Martín Flores Castañeda,martín flores castañeda
Martín López Camacho,martín lópez camacho
Martín Palacios Calderón,martín palacios calderón
Martín Pérez Torres,martín pérez torres
Mauricio Alonso Toledo Gutiérrez,mauricio alonso toledo gutiérrez
Mauricio Cordero Rodriguez,mauricio cordero rodriguez
Mauricio Mendoza Castañeda,mauricio mendoza castañeda
Mauricio Ortiz Proal,mauricio ortiz proal
MAXIMILIANO SILERIO DÍAZ,maximiliano silerio díaz
Mayka Ortega Eguiluz,mayka ortega eguiluz
Mayra Díaz Guerra,mayra díaz guerra
Mayra Guadalupe Chávez Jiménez,mayra guadalupe chávez jiménez
Merlín Castro Gladys,merlín castro gladys
Miguel Alberto Vallejo Lozano,miguel alberto vallejo lozano
Miguel Alejandro García Rivera,miguel alejandro garcía rivera
Miguel Angel Abadía Pardo,miguel angel abadía pardo
Miguel Ángel Camacho Sánchez,miguel ángel camacho sánchez
Miguel Ángel Cantoran Gatica,miguel ángel cantoran gatica
Miguel Ángel de la Fuente López,miguel ángel de la fuente lópez
Miguel Ángel García Escalante,miguel ángel garcía escalante
Miguel Angel Hernandez Hernández,miguel angel hernandez hernández
Miguel Angel Monraz Ibarra,miguel angel monraz ibarra
Miguel Ángel Romero Olivares,miguel ángel romero olivares
Miguel Ángel Uribe Vázquez,miguel ángel uribe vázquez
Miguel Angel Xolalpa Molina,miguel angel xolalpa molina
Miguel Armando Vélez Mier y Concha,miguel armando vélez mier y concha
MIGUEL ARTURO RAMIREZ LOPEZ,miguel arturo ramirez lopez
Miguel Bernardi Aquíno,miguel bernardi aquíno
Miguel Francisco La Torre Sáenz,miguel francisco la torre sáenz
Miguel Sámano Peralta,miguel sámano peralta
Minerva Citlalli Hernández Mora,minerva citlalli hernández mora
Mireya de Lourdes Almada Beltrán,mireya de lourdes almada beltrán
Miriam Judith González Sheridan,miriam judith gonzález sheridan
Miriam Marlen Rodríguez  ,miriam marlen rodríguez  
Miriam Saldaña Chairéz,miriam saldaña chairéz
Miriam Sanchez Monzalvo,miriam sanchez monzalvo
Mirna Edith Velázquez Pineda,mirna edith velázquez pineda
MIRNA LUCRECIA CAMACHO PEDRERO,mirna lucrecia camacho pedrero
Misael Sánchez Sánchez,misael sánchez sánchez
Moisés de Luna Martínez,moisés de luna martínez
Moisés Gómez Reyna,moisés gómez reyna
Mollinedo Zurita Ana Karen,mollinedo zurita ana karen
Mónica Almeida López,mónica almeida lópez
Mónica Borrego Estrada,mónica borrego estrada
Monica Guerrero Rivera,monica guerrero rivera
Monica Paola Robles Manzanero,monica paola robles manzanero
Montalvo Navarrete Olegario,montalvo navarrete olegario
Myriam Galindo Petriz,myriam galindo petriz
Nadia Xóchitl Siqueiros Loera,nadia xóchitl siqueiros loera
Nahúm Atonal Ortiz,nahúm atonal ortiz
Nallely Hernández García,nallely hernández garcía
Narciso Hinojosa Molina,narciso hinojosa molina
NEFTALI ARMANDO DEL TORO GUZMAN,neftali armando del toro guzman
Neftalí Salvador Escobedo Zoletto,neftalí salvador escobedo zoletto
Neli Espinosa Santiago,neli espinosa santiago
Nelyda Mociños Jiménez,nelyda mociños jiménez
Nestor Nuñez López,nestor nuñez lópez
Nicador Adame Serrano,nicador adame serrano
Nicolás Contreras Cortés,nicolás contreras cortés
Nicolás de la Cruz de la Cruz,nicolás de la cruz de la cruz
Nidia Acosta Lozano,nidia acosta lozano
NOE FERNANDO CASTAÑON RAMIREZ,noe fernando castañon ramirez
Noé Pinto De los Santos,noé pinto de los santos
Noel Juárez Castellanos,noel juárez castellanos
Nora del Carmen Barbara Arias Contreras,nora del carmen barbara arias contreras
Norberto Morales Poblete ,norberto morales poblete 
Norma Adela Guel Saldivar,norma adela guel saldivar
Norma Alicia Andrade Fayad,norma alicia andrade fayad
Norma Angélica Castorena Berrelleza,norma angélica castorena berrelleza
Norma Gamas Fuentes,norma gamas fuentes
Norma Isabel Zamora Rodríguez,norma isabel zamora rodríguez
Norma Mejía Lira,norma mejía lira
Norma Padilla Velasco,norma padilla velasco
Nubia Xiclali Ramos Carbajal,nubia xiclali ramos carbajal
Nury Delia Ruiz Ovando,nury delia ruiz ovando
OBDULIA MAGDALENA TORRES ABARCA,obdulia magdalena torres abarca
Ociel Hugar García Trujillo,ociel hugar garcía trujillo
Octavio Carrete Carrete,octavio carrete carrete
Octavio de la Torre Sánchez,octavio de la torre sánchez
Octavio Martínez Vargas ,octavio martínez vargas 
Octavio Tintos Trujillo,octavio tintos trujillo
Olaguer Hernández Flores,olaguer hernández flores
Oliver Quiroz Vélez,oliver quiroz vélez
Olivia Garza de los Santos,olivia garza de los santos
Olivia Gómez Garibay,olivia gómez garibay
Omar  Payan  Montes,omar  payan  montes
Omar Alberto Guillen Partida,omar alberto guillen partida
Omar Carrera Pérez,omar carrera pérez
Omar Daladier Zerón Flores,omar daladier zerón flores
Omar Hernandez Hernandez,omar hernandez hernandez
Omar Jalil Flores Majul,omar jalil flores majul
Orlando Anaya González,orlando anaya gonzález
Orlando Lino Castellanos,orlando lino castellanos
Ortega Arteaga Octavia,ortega arteaga octavia
Osbaldo Ávila Atondo,osbaldo ávila atondo
Oscar A. Valdovinos Anguiano,oscar a. valdovinos anguiano
Oscar Arroyo Delgado,oscar arroyo delgado
Oscar Díaz Bello,oscar díaz bello
Oscar Eduardo Uc Dzul,oscar eduardo uc dzul
Óscar Félix Ochoa,óscar félix ochoa
Óscar González Yáñez ,óscar gonzález yáñez 
Óscar Javier Valdez López,óscar javier valdez lópez
Oscar Octavio Moguel Ballado,oscar octavio moguel ballado
Oscar Vergara Gómez,oscar vergara gómez
Oswaldo Avendaño López,oswaldo avendaño lópez
Oswaldo Rodríguez García,oswaldo rodríguez garcía
Ovando Magaña Alipio,ovando magaña alipio
Pablo César Aguilar Palacio,pablo césar aguilar palacio
Pablo Fernández del Campo Espinosa,pablo fernández del campo espinosa
Pablo Guillermo Angulo Briceño,pablo guillermo angulo briceño
Pablo Hernán Sánchez Silva,pablo hernán sánchez silva
Pablo Montiel Solana,pablo montiel solana
Paloma de Jesús Aguirre Serna,paloma de jesús aguirre serna
Paola Gutierrez Galindo,paola gutierrez galindo
Patricia del Carmen Conde Ruiz,patricia del carmen conde ruiz
Patricia Elisa Durán Reveles,patricia elisa durán reveles
Patricia Gloria Jurado Alonso,patricia gloria jurado alonso
Patricia Hernández Calderón,patricia hernández calderón
Patricia Mayela Hernández Vaca,patricia mayela hernández vaca
Patricia Rodríguez Cueto,patricia rodríguez cueto
Patricia Zenteno Hernández,patricia zenteno hernández
Paulo Cesar Martínez López,paulo cesar martínez lópez
Pedro Adalberto Villalobos Fragoso,pedro adalberto villalobos fragoso
Pedro Chávez Arredondo,pedro chávez arredondo
Pedro Torres Estrada,pedro torres estrada
Penélope Campos Gonzalez,penélope campos gonzalez
Pérez Garay Octavio,pérez garay octavio
Pérez Rojas Verónica,pérez rojas verónica
Perla Guadalupe Monroy Miranda,perla guadalupe monroy miranda
Perla Zuzuki Aguilar Lugo,perla zuzuki aguilar lugo
Petra Irene Enríquez  Saucedo,petra irene enríquez  saucedo
Pola Estrada Cuauhtémoc,pola estrada cuauhtémoc
Pola Estrada Tonatiuh,pola estrada tonatiuh
Polimnia Romana Sierra Bárcena,polimnia romana sierra bárcena
Pontón Villa María del Carmen,pontón villa maría del carmen
Prospero Manuel Ibarra Otero,prospero manuel ibarra otero
Quevedo Custodio Mileidy Aracely,quevedo custodio mileidy aracely
Rafael  Osornio Sánchez,rafael  osornio sánchez
Rafael Armando Arellanes Caballero,rafael armando arellanes caballero
Rafael Buelna Clark,rafael buelna clark
Rafael Flores Mendoza,rafael flores mendoza
Rafael Gutiérrez Martínez,rafael gutiérrez martínez
Rafael Hurtado Bueno,rafael hurtado bueno
Rafael Mendoza Godínez,rafael mendoza godínez
Rafael von Raesfeld Porras,rafael von raesfeld porras
Ramírez Arana Adolfo de Jesús,ramírez arana adolfo de jesús
Ramiro Mendoza Cano,ramiro mendoza cano
Ramón Antonio Díaz Nieblas,ramón antonio díaz nieblas
Ramón Barajas López,ramón barajas lópez
Ramon Demetrio Guerrero Martinez,ramon demetrio guerrero martinez
Ramón Felipe López Campos,ramón felipe lópez campos
Ramón Gabriel Ochoa Peña,ramón gabriel ochoa peña
Ramón Lucas Lizárraga,ramón lucas lizárraga
Ramón Martín Méndez Lanz,ramón martín méndez lanz
Raquel Baccio Pérez,raquel baccio pérez
Raquel Esther Sánchez Galicia,raquel esther sánchez galicia
Raúl Antonio Flores García,raúl antonio flores garcía
Raúl Armando Uribe Haydar,raúl armando uribe haydar
Raúl Augusto Silva Vela,raúl augusto silva vela
Raul Mauricio Legarreta Martínez,raul mauricio legarreta martínez
Raúl Vargas Martínez,raúl vargas martínez
Raymundo Durón Galván,raymundo durón galván
Raymundo Edgar  Martínez Carbajal,raymundo edgar  martínez carbajal
Raymundo García Gutiérrez,raymundo garcía gutiérrez
Raymundo Garza Vilchis,raymundo garza vilchis
Raymundo Guzman Corroviñas,raymundo guzman corroviñas
Raymundo Martínez Vite,raymundo martínez vite
Rebeca Peralta León,rebeca peralta león
Refugio Rivas Corona,refugio rivas corona
Regina Vázquez Saut,regina vázquez saut
Remedios Zonia López Cruz,remedios zonia lópez cruz
Rementería del Puerto Julen,rementería del puerto julen
RENAN GALAN GOMEZ,renan galan gomez
Renata Cota Álvarez,renata cota álvarez
René Carmona Gómez,rené carmona gómez
René Frías Bencomo,rené frías bencomo
RHOSBITA LOPEZ AQUINO,rhosbita lopez aquino
Ricardo Ángel Barrientos Ríos,ricardo ángel barrientos ríos
Ricardo del Rivero Martínez,ricardo del rivero martínez
RICARDO FIDEL PACHECO RODRIGUEZ,ricardo fidel pacheco rodriguez
Ricardo Mejía Berdeja,ricardo mejía berdeja
Ricardo Moreno Arcos,ricardo moreno arcos
Ricardo Taja Ramírez,ricardo taja ramírez
Ricardo Torres Origel,ricardo torres origel
Ricardo Urzúa Rivera,ricardo urzúa rivera
Rigoberto Figueroa Ortiz,rigoberto figueroa ortiz
Rigoberto Paredes Villagomez,rigoberto paredes villagomez
Rigoberto Valenzuela Medina,rigoberto valenzuela medina
Riult Rivera Gutiérrez,riult rivera gutiérrez
Rivera Ramón Uriel,rivera ramón uriel
ROBERTO  PEREZ RODRIGUEZ,roberto  perez rodriguez
ROBERTO AQUILES AGUILAR HERNANDEZ,roberto aquiles aguilar hernandez
Roberto Carlos Cabrera Valencia,roberto carlos cabrera valencia
Roberto Espiridión Sánchez Pompa,roberto espiridión sánchez pompa
Roberto Mauricio Vallejo Rábago,roberto mauricio vallejo rábago
Roberto Ramsés Cruz Castro,roberto ramsés cruz castro
Roberto Sanchez Campos,roberto sanchez campos
Roberto Zamora Gracia,roberto zamora gracia
Robles Barajas Mónica,robles barajas mónica
Robles Castellanos Juan Eduardo,robles castellanos juan eduardo
Robles Guadarrama Fidel,robles guadarrama fidel
Rocío Grisel Sáenz Ramírez,rocío grisel sáenz ramírez
Rocio Sánchez Pérez,rocio sánchez pérez
RODOLFO DORADOR PÉREZ GAVILAN,rodolfo dorador pérez gavilan
Rodolfo Escobar Ávila,rodolfo escobar ávila
Rodolfo Ondarza Rovira,rodolfo ondarza rovira
Rodrigo De la Rosa Ramírez,rodrigo de la rosa ramírez
Rodrigo García Escalante,rodrigo garcía escalante
Rogelio Arturo Rodríguez García,rogelio arturo rodríguez garcía
Rogelio Loya Luna,rogelio loya luna
Roger Arellano Sotelo,roger arellano sotelo
Rojas Arévalo Didora Inés,rojas arévalo didora inés
Roque de Jesús Chávez López,roque de jesús chávez lópez
Rosa Coral Mendoza Falcón,rosa coral mendoza falcón
Rosa Elia Romero Guzmán,rosa elia romero guzmán
ROSA ISELA DE LA ROCHA NEVÁREZ,rosa isela de la rocha nevárez
ROSA MARÍA TRIANA MARTÍNEZ,rosa maría triana martínez
Rosalía Palma López,rosalía palma lópez
Rosalinda Orozco Villatoro,rosalinda orozco villatoro
Rosalio Alfredo Pineda Silva,rosalio alfredo pineda silva
Rosalío Santana Velázquez,rosalío santana velázquez
Rosalío Zanatta Vidaurri,rosalío zanatta vidaurri
ROSALVA VILLA CAMPA,rosalva villa campa
Rosana Coboj García,rosana coboj garcía
Rosario Baqueiro Acosta,rosario baqueiro acosta
Rosario Carolina Lara Moreno,rosario carolina lara moreno
Rosario de Fatima Gamboa Castillo,rosario de fatima gamboa castillo
Rosario Guadalupe Pérez Espinosa,rosario guadalupe pérez espinosa
Rosaura Rodríguez Carrillo,rosaura rodríguez carrillo
Rosauro Meza Sifuentes,rosauro meza sifuentes
Rosemberg Loera Chaparro,rosemberg loera chaparro
Rossana Agraz Ulloa,rossana agraz ulloa
ROXANA MAGDALENA GORDILLO  BURGUETE,roxana magdalena gordillo  burguete
Rubén Aguilar Jiménez,rubén aguilar jiménez
Rubén Erik Alejandro Jiménez Hernández,rubén erik alejandro jiménez hernández
Ruben Escamilla Salinas,ruben escamilla salinas
Ruben Hernández Magaña,ruben hernández magaña
Ruben Peñaloza Gonzalez,ruben peñaloza gonzalez
Ruiz Agustín Casilda,ruiz agustín casilda
Ruperto Ramírez Vargas,ruperto ramírez vargas
SAIN CRUZ TRINIDAD,sain cruz trinidad
Salcedo Baca Minerva,salcedo baca minerva
Salvador Arellano Guzman,salvador arellano guzman
Salvador Dávila Montoya,salvador dávila montoya
Salvador Sánchez Leyva,salvador sánchez leyva
Samuel Gurrión Matías,samuel gurrión matías
Samuel Resendiz Peñaloza,samuel resendiz peñaloza
Samuel Reveles Carrillo,samuel reveles carrillo
Sánchez Macías Eduardo,sánchez macías eduardo
Sandra Corona Padilla,sandra corona padilla
Sandra Guadalupe Sánchez Díaz,sandra guadalupe sánchez díaz
Sandra Hernández Barrera,sandra hernández barrera
Sandra Luz Cruz Espinosa,sandra luz cruz espinosa
Sandra Mercedes Hernández Barajas,sandra mercedes hernández barajas
Sandra Simey Olvera Bautista,sandra simey olvera bautista
Santiago Chavez¦ Chavez,santiago chavez¦ chavez
Santiago Domínguez Luna,santiago domínguez luna
Santiago García López,santiago garcía lópez
Santiago García Sandoval,santiago garcía sandoval
Santiago Hernández Cerón,santiago hernández cerón
Santiago López Hernández,santiago lópez hernández
Santiago Sesín Maldonado,santiago sesín maldonado
Santiago Taboada Cortina,santiago taboada cortina
Sara Erika Tristán Medina,sara erika tristán medina
SASIL DORA LUZ DE LEON VILLARD,sasil dora luz de leon villard
Saúl Armando Rodríguez Rodríguez,saúl armando rodríguez rodríguez
Saúl Beltrán Orozco,saúl beltrán orozco
Saúl Benítez Avilés ,saúl benítez avilés 
Saúl Galindo Plazola,saúl galindo plazola
Sebastian Alfonso de la Rosa Peláez,sebastian alfonso de la rosa peláez
Sebastián Reyes Arellano,sebastián reyes arellano
Sedas Castro Miguel,sedas castro miguel
Segovia Vazquez Jovita,segovia vazquez jovita
Serafín Ortiz Ortiz,serafín ortiz ortiz
Sergio Alejandro Contreras Guerrero,sergio alejandro contreras guerrero
Sergio Andrés Bello Guerra,sergio andrés bello guerra
Sergio Augusto López Ramírez,sergio augusto lópez ramírez
Sergio Carlo Bernal Cárdenas,sergio carlo bernal cárdenas
Sergio Hernández Hernández,sergio hernández hernández
Sergio Javier Reynoso Talamantes,sergio javier reynoso talamantes
Sergio López Sánchez,sergio lópez sánchez
Sergio Mancilla Zayas,sergio mancilla zayas
Sergio Mendiola Sanchez,sergio mendiola sanchez
Sergio Moreno Valle Gérman,sergio moreno valle gérman
Sergio Rodríguez Cortés,sergio rodríguez cortés
Sergio Salomón Céspedes Peregrina,sergio salomón céspedes peregrina
SERGIO URIBE RODRÍGUEZ,sergio uribe rodríguez
Severo  Trujano  Trevizo,severo  trujano  trevizo
Shirley Guadalupe Vázquez Romero,shirley guadalupe vázquez romero
Silbestre Álvarez Ramón,silbestre álvarez ramón
Silvan Arellano María Elena,silvan arellano maría elena
Silvano Blanco de Aquino,silvano blanco de aquino
Silvano Garay Ulloa,silvano garay ulloa
Silverio Baudelio del Carmen Cruz Quevedo,silverio baudelio del carmen cruz quevedo
Silvestre García Moreno,silvestre garcía moreno
Silvia Alaniz,silvia alaniz
Silvia Flores Peña,silvia flores peña
Silvia Lara Calderón,silvia lara calderón
Silvia Lilián Garcés Quiroz,silvia lilián garcés quiroz
SILVIA PATRICIA JIMÉNEZ DELGADO,silvia patricia jiménez delgado
Silvia Romero Suárez,silvia romero suárez
Silvia Tanús Osorio,silvia tanús osorio
Simón Carrera Cerqueda,simón carrera cerqueda
Sinahí del Rocío Parra Fernández,sinahí del rocío parra fernández
Socorro Meza Marínez,socorro meza marínez
Solange María Soler Lanz,solange maría soler lanz
SONIA CATALINA ALVAREZ,sonia catalina alvarez
Stephanie García  González,stephanie garcía  gonzález
Sue Ellen Bernal Bolnik,sue ellen bernal bolnik
Susana del Carmen Riestra Piña,susana del carmen riestra piña
Susana Rodríguez Márquez,susana rodríguez márquez
Sylvia Myriam Chávez López,sylvia myriam chávez lópez
Sylvia Treviño Salinas,sylvia treviño salinas
Sylvia Violeta Garfias Cedillo,sylvia violeta garfias cedillo
Tania Margarita Morgan Navarrete,tania margarita morgan navarrete
Tania Teporaca Romero Del Hierro,tania teporaca romero del hierro
Tanya Rellstab Carreto,tanya rellstab carreto
Taracena Gordillo Leticia,taracena gordillo leticia
Tassio Benjamin Ramirez Hernandez,tassio benjamin ramirez hernandez
Teida García Córdova,teida garcía córdova
Teresa María Olivares Ochoa,teresa maría olivares ochoa
Teresita Zuccolotto Feito,teresita zuccolotto feito
Tito Delfín Cano,tito delfín cano
Tito Maya de la Cruz ,tito maya de la cruz 
Tomas Basaldu Gutierrez,tomas basaldu gutierrez
Tomás Federico Orea Albarrán,tomás federico orea albarrán
Tomas Hernández Palma,tomas hernández palma
Tomás Roberto Amador Carrasco,tomás roberto amador carrasco
Toribio López Sánchez,toribio lópez sánchez
Tovar Lorenzo Mariela,tovar lorenzo mariela
Tronco Gómez Renato,tronco gómez renato
Ulises Ramírez Núñez,ulises ramírez núñez
Valencia Morales Ignacio Enrique,valencia morales ignacio enrique
Valentín Rafaela Solís,valentín rafaela solís
Vania Roxana García,vania roxana garcía
Vázquez González Jesús,vázquez gonzález jesús
Velasco Chedrahui David,velasco chedrahui david
Velázquez Flores Jesús Alberto,velázquez flores jesús alberto
Velázquez Yunes Juan Manuel,velázquez yunes juan manuel
Vera Hernández Jorge,vera hernández jorge
Vernon Pérez Rubio Artee,vernon pérez rubio artee
Verónica Hernandez Flores,verónica hernandez flores
Veronica Orozco Gitierrez,veronica orozco gitierrez
Verónica Sánchez Alejandre,verónica sánchez alejandre
Vicente Guillermo Benítez González,vicente guillermo benítez gonzález
Vicente Terán Uribe,vicente terán uribe
Víctor Antonio Corrales Burgueño,víctor antonio corrales burgueño
Victor Cruz Vásquez,victor cruz vásquez
Victor Hugo Gálvez Astorga,victor hugo gálvez astorga
Victor Hugo Lobo Román,victor hugo lobo román
Victor Hugo Romo Guerra,victor hugo romo guerra
Victor Manuel Bautista López,victor manuel bautista lópez
Víctor Manuel Díaz Simental,víctor manuel díaz simental
Víctor Manuel Estrada Garibay ,víctor manuel estrada garibay 
Víctor Manuel Godoy Angulo,víctor manuel godoy angulo
Victor Manuel Martínez Toledo,victor manuel martínez toledo
Víctor Manuel Uribe Montoya,víctor manuel uribe montoya
Víctor Salinas Salas,víctor salinas salas
Víctor Trejo Carpio,víctor trejo carpio
Vidal Fócil Ana Bertha,vidal fócil ana bertha
Vidal Llerenas Morales,vidal llerenas morales
Virginia Calvo López,virginia calvo lópez
Viridiana Figueroa Garcia,viridiana figueroa garcia
VLADIMIR BALBOA DAMAS,vladimir balboa damas
Vladimir Hernandez Villegas,vladimir hernandez villegas
Wendy González Urrutia,wendy gonzález urrutia
Williams Oswaldo Ochoa Gallegos,williams oswaldo ochoa gallegos
Xóchitl Nohemí Sánchez Ruvalcaba,xóchitl nohemí sánchez ruvalcaba
Xochitl Teresa Arzola Vargas ,xochitl teresa arzola vargas 
Yazmín de los Ángeles Copete Zapot,yazmín de los ángeles copete zapot
Yazmín del Razo Pérez,yazmín del razo pérez
Yolanda del Carmen Montalvo López,yolanda del carmen montalvo lópez
Yolanda Guadalupe Valladares Valle,yolanda guadalupe valladares valle
Yolanda Isabel Bolón Herrada,yolanda isabel bolón herrada
Yolanda Josefina Rodríguez Otero,yolanda josefina rodríguez otero
Yolanda Rueda De La Cruz,yolanda rueda de la cruz
Yomahara Valenzuela Aceves,yomahara valenzuela aceves
Yomali Mondragon Arredondo,yomali mondragon arredondo
Yudit del Rincón Castro,yudit del rincón castro
Yulenny Guylaine Cortés León,yulenny guylaine cortés león
Yulma Rocha Aguilar,yulma rocha aguilar
Yuridia Melchor Sánchez,yuridia melchor sánchez
Yuriri Ayala Zuñiga,yuriri ayala zuñiga
Zairick Morante Alejandro,zairick morante alejandro
Zapata Hernandez Mirella,zapata hernandez mirella
Zarrabal Ferat Raúl,zarrabal ferat raúl
Zenén Aarón Xóchihua Enciso,zenén aarón xóchihua enciso
Zenorina González Ortega,zenorina gonzález ortega
Zenyazen Roberto Escobar García,zenyazen roberto escobar garcía
Zoila José Juan,zoila josé juan
Zoila Margarita Isidro Pérez,zoila margarita isidro pérez
Zoila Rivera Díaz,zoila rivera díaz
